Date,PS,T2M,T2MDEW,QV2M,PRECTOTCORR,WS50M
1/1/2020,98.84,23.97,21.76,16.57,11.21,4.64
2/1/2020,98.93,24.38,21.81,16.59,1.05,3.33
3/1/2020,98.82,24.86,21.7,16.5,0,2.97
4/1/2020,98.64,25.24,22.11,16.96,0.07,3.18
5/1/2020,98.67,25.02,22.14,16.97,1.12,4.14
6/1/2020,98.89,23.96,21.22,16,3.5,4.88
7/1/2020,98.88,23.68,20.69,15.49,0.96,4.89
8/1/2020,98.81,23.16,19.7,14.57,0.01,4.48
9/1/2020,98.79,22.97,18.58,13.6,0,3.22
10/1/2020,98.84,22.14,18.29,13.34,0,4.62
11/1/2020,98.93,21.82,18.29,13.33,0,4.8
12/1/2020,98.82,22.67,19.36,14.27,0.01,4.78
13/01/2020,98.68,22.46,17.38,12.64,0,3.81
14/01/2020,98.68,21.72,15.62,11.28,0,3.49
15/01/2020,98.75,21.48,16.25,11.75,0,3.92
16/01/2020,98.73,22.77,16.49,11.95,0,3.75
17/01/2020,98.73,23.54,19.64,14.57,0.03,4.18
18/01/2020,98.73,24.2,20.95,15.77,1.47,5.32
19/01/2020,98.78,24.11,20.08,14.93,0.12,4.57
20/01/2020,98.88,23.6,18.43,13.48,0,4.35
21/01/2020,98.98,22.58,17.63,12.8,0,4.98
22/01/2020,99.01,23.03,18.9,13.84,0,5.73
23/01/2020,98.93,23.38,18.76,13.74,0,5.23
24/01/2020,98.91,22.18,16.17,11.74,0,4.77
25/01/2020,98.9,22.07,13.81,10.19,0,3.93
26/01/2020,98.77,23.12,15.96,11.55,0,3.23
27/01/2020,98.71,23.43,17.38,12.66,0,4.21
28/01/2020,98.71,24.2,18.76,13.82,0,4.96
29/01/2020,98.79,24.62,18.63,13.7,0,4.61
30/01/2020,98.73,24.5,17.7,13.04,0,4.22
31/01/2020,98.67,24.43,18.54,13.68,0,4.11
1/2/2020,98.73,24.74,19.61,14.51,0,4.34
2/2/2020,98.94,24.34,18.15,13.25,0,5.1
3/2/2020,98.94,24.02,17.59,12.78,0,4.43
4/2/2020,98.78,24.23,17.65,12.84,0.03,4.59
5/2/2020,98.81,24.39,16.71,12.1,0,4.19
6/2/2020,98.8,24.21,16.56,11.99,0,4.26
7/2/2020,98.82,24.57,17.99,13.1,0,5.16
8/2/2020,98.82,25.05,17.94,13.08,0,4.72
9/2/2020,98.89,25.14,18.98,13.93,0.03,4.69
10/2/2020,98.9,24.86,17.99,13.1,0.08,5.62
11/2/2020,98.95,24.97,17.56,12.74,0.02,6
12/2/2020,99.07,24.41,17.01,12.29,0.09,5.91
13/02/2020,98.95,24.68,16.78,12.16,0,4.99
14/02/2020,98.71,24.85,15.77,11.56,0,3.89
15/02/2020,98.71,24.95,12.88,9.8,0,4.27
16/02/2020,98.88,24.16,13.84,10.27,0,4.17
17/02/2020,98.94,23.88,13.33,9.95,0,3.78
18/02/2020,98.89,24.58,15.76,11.42,0,4.03
19/02/2020,98.86,24.47,17.02,12.32,0,3.69
20/02/2020,98.84,24.18,15.74,11.43,0,4.23
21/02/2020,98.97,24.35,15.61,11.43,0,4.95
22/02/2020,99.07,25.3,18.68,13.67,0,5.71
23/02/2020,98.96,25.47,18.17,13.31,0,5
24/02/2020,98.73,26.02,17.88,13.14,0,4.43
25/02/2020,98.59,27.03,18.37,13.59,0,4.19
26/02/2020,98.63,27.29,19.25,14.3,0,3.79
27/02/2020,98.67,27.18,18.72,13.85,0,3.95
28/02/2020,98.6,27.07,18.77,13.87,0.01,4.26
29/02/2020,98.56,27.16,18.42,13.6,0.03,3.98
1/3/2020,98.6,27.58,17.81,13.09,0,3.84
2/3/2020,98.61,27.74,17.09,12.49,0,3.02
3/3/2020,98.57,28.96,16.65,12.16,0,2.89
4/3/2020,98.5,29.26,17.2,12.57,0,3.98
5/3/2020,98.43,28.38,18.22,13.5,0.38,4.95
6/3/2020,98.51,27.89,19.64,14.63,0.38,4.68
7/3/2020,98.66,27.93,20.29,15.16,0.87,5.09
8/3/2020,98.61,28.81,20.19,15.08,0,3.96
9/3/2020,98.51,28.74,18.56,13.69,0,4.18
10/3/2020,98.52,28.81,17.69,13.05,0,4.49
11/3/2020,98.55,28.34,17.04,12.55,0,4.2
12/3/2020,98.66,28.25,16.1,11.93,0,4.27
13/03/2020,98.69,27.96,17.15,12.63,0,4.58
14/03/2020,98.58,28.29,18.39,13.66,0,4.3
15/03/2020,98.57,28.28,18.65,13.83,0,4.66
16/03/2020,98.67,29.22,18.44,13.62,0,4.11
17/03/2020,98.8,28.81,17.09,12.66,0,4.2
18/03/2020,98.72,29.05,16.28,12.16,0,4.21
19/03/2020,98.58,29.59,16.32,12.34,0,4.1
20/03/2020,98.54,30.13,16.05,12.11,0,4.99
21/03/2020,98.53,30.2,18.38,13.55,0,4.87
22/03/2020,98.53,30.51,17.12,12.77,0,4.27
23/03/2020,98.53,29.78,17.75,13.14,0.09,4.27
24/03/2020,98.4,29.65,16.6,12.25,0.05,3.64
25/03/2020,98.41,29.45,17.29,12.73,0,4.26
26/03/2020,98.47,29.3,17.11,12.67,0,4.4
27/03/2020,98.67,28.97,16.23,12.04,0,4.13
28/03/2020,98.55,28.98,13.05,10.06,0,3.68
29/03/2020,98.44,29.46,14.74,10.92,0,4.41
30/03/2020,98.51,29.18,13.85,10.34,0,4.71
31/03/2020,98.55,30,15.49,11.32,0,4.28
1/4/2020,98.49,30.51,17.17,12.65,0,4.36
2/4/2020,98.38,30.82,17.64,13.17,0,5.06
3/4/2020,98.47,30.32,18.13,13.64,0,4.93
4/4/2020,98.56,29.95,17.65,13.34,0,4.51
5/4/2020,98.59,31.05,20.82,15.84,0,5.03
6/4/2020,98.56,31.53,20.77,15.82,0.06,4.75
7/4/2020,98.46,30.81,19.48,14.69,0.11,4.41
8/4/2020,98.46,32.19,19.35,14.51,1.02,4.2
9/4/2020,98.51,30.75,20.37,15.34,7.38,4.56
10/4/2020,98.59,29.68,19.21,14.41,1.65,4.22
11/4/2020,98.7,29.67,19.31,14.49,0,3.78
12/4/2020,98.62,30.19,17.62,13.14,0,4.09
13/04/2020,98.47,30.89,16.51,12.31,0,4.29
14/04/2020,98.52,30.07,15.62,11.8,0,4.51
15/04/2020,98.59,30.11,16.39,12.48,0,4.14
16/04/2020,98.47,30.43,18.81,14.21,0,4.87
17/04/2020,98.4,31.31,19.53,14.8,0,4.95
18/04/2020,98.43,31.48,19.9,15.07,0,5.18
19/04/2020,98.42,31.26,20.36,15.47,0,5.09
20/04/2020,98.43,30.93,18.79,14.22,0,4.81
21/04/2020,98.43,31.26,18.12,13.71,0,4.26
22/04/2020,98.35,31.69,19.52,14.74,0,5.04
23/04/2020,98.28,32.79,20.9,15.94,0,4.96
24/04/2020,98.27,32.48,21.2,16.24,0,6.03
25/04/2020,98.26,31.97,22.47,17.5,5,4.79
26/04/2020,98.38,29.14,23.88,18.99,12.09,5.73
27/04/2020,98.49,27.89,23.3,18.3,5.48,2.83
28/04/2020,98.4,29.21,22.86,17.86,15.51,3.42
29/04/2020,98.35,30.14,22.34,17.35,3.72,2.59
30/04/2020,98.43,30.16,22.12,17.09,0,3.73
1/5/2020,98.34,30.72,21.55,16.63,0.3,4.35
2/5/2020,98.2,31.29,21.14,16.21,0.09,4.1
3/5/2020,98.2,31.26,21,16.06,0,4.39
4/5/2020,98.3,31.63,21.36,16.45,0,4.36
5/5/2020,98.29,31.62,21.31,16.38,0,4.59
6/5/2020,98.25,31.41,22.04,17.11,0,4.94
7/5/2020,98.3,31.71,22.24,17.33,0,4.48
8/5/2020,98.28,32.29,21.56,16.61,0,4.7
9/5/2020,98.32,32.11,21.06,16.19,0,4.76
10/5/2020,98.33,32.09,19.98,15.24,0,4.91
11/5/2020,98.36,30.96,21.29,16.38,4.59,4.19
12/5/2020,98.37,27.87,22.93,17.95,25.64,3.55
13/05/2020,98.24,29.6,18.97,14.24,0.4,4.15
14/05/2020,98.16,29.87,22.34,17.4,0,3.75
15/05/2020,98.01,30.07,20.53,15.93,0,3.76
16/05/2020,97.9,30.35,21.4,16.6,0,4.98
17/05/2020,97.78,30.89,21.05,16.14,0.35,4.56
18/05/2020,97.62,31.22,21.89,16.97,3.92,6.7
19/05/2020,97.48,32.87,19.83,14.99,0.76,9.05
20/05/2020,97.59,34.03,19.27,14.5,0,7.29
21/05/2020,97.79,33.43,19.21,14.34,2.02,6.34
22/05/2020,97.86,33.44,18.99,14.4,0.08,6.54
23/05/2020,97.96,33.04,20.83,16.17,0.02,3.84
24/05/2020,98.05,32.29,21.92,17.36,0.01,3.46
25/05/2020,98.17,31.41,23.39,18.67,0.03,3.9
26/05/2020,98.17,31.64,23,18.27,0.03,3.62
27/05/2020,98.08,32.6,22.92,18.12,0.11,2.26
28/05/2020,97.95,33.32,22.33,17.47,3.39,3.28
29/05/2020,98.04,30.76,23.07,18.12,7.55,4.39
30/05/2020,98.11,31.33,21.51,16.57,0.6,4.95
31/05/2020,98.25,29.04,23.2,18.23,0.34,4.02
1/6/2020,98.27,29.8,23.24,18.29,0.37,3.41
2/6/2020,98.23,28.79,22.24,17.22,0.01,4.23
3/6/2020,98.17,29.56,21.32,16.22,0,5.42
4/6/2020,98.17,30.09,21.13,16.1,0,4.92
5/6/2020,98.14,31.01,21.11,16.09,0.44,3.38
6/6/2020,98.12,30.27,21.04,16.08,0.64,3.11
7/6/2020,98,31.37,19.86,15.02,0.57,3.76
8/6/2020,97.99,31.42,19.32,14.46,0.07,5.8
9/6/2020,98,31.48,17.7,13.25,0.07,4.25
10/6/2020,97.89,29.96,19.61,14.74,1.05,3.85
11/6/2020,97.74,28.72,21.43,16.43,2.37,6.32
12/6/2020,97.7,29.66,19.89,14.94,2.56,7.96
13/06/2020,97.78,31.46,18.27,13.51,0,7.8
14/06/2020,97.9,30.83,18.23,13.43,0,8.15
15/06/2020,97.84,31.91,19.87,14.94,0.07,5.07
16/06/2020,97.79,32.01,20.38,15.45,0.09,4.97
17/06/2020,97.85,31.72,20.17,15.18,0.01,5.51
18/06/2020,97.97,32.27,19.02,14.13,0.01,5.52
19/06/2020,98.05,31.4,19.25,14.32,0.28,4.89
20/06/2020,98.01,31.4,18.93,14.13,0.59,4.87
21/06/2020,97.91,31.07,18.97,14.11,1.6,5.11
22/06/2020,97.82,31.38,20.15,15.29,6.7,4.83
23/06/2020,97.96,30.04,20.27,15.46,9.08,4.1
24/06/2020,98.01,29.45,21.31,16.41,13.85,3.58
25/06/2020,97.95,28.75,22.35,17.39,11.59,3.21
26/06/2020,97.88,29.32,22.42,17.44,0.37,4.08
27/06/2020,97.91,29.57,22.85,17.92,2.4,2.96
28/06/2020,97.92,27.92,23.5,18.62,7.87,4.28
29/06/2020,97.85,27.36,23.54,18.67,20.94,3.5
30/06/2020,97.82,28.5,22.9,17.99,5.85,3.09
1/7/2020,97.93,28.12,22.9,17.96,2.41,3.94
2/7/2020,97.96,27.55,21.34,16.32,2.86,6.18
3/7/2020,97.91,27.69,21.65,16.64,10.98,7.05
4/7/2020,97.86,28.4,21.48,16.48,2.69,7.46
5/7/2020,97.92,27.76,21.07,16.05,0.02,6.68
6/7/2020,97.89,28.25,21.42,16.43,0.12,6.01
7/7/2020,97.97,29.3,21.66,16.65,1.45,6.07
8/7/2020,98.14,27.36,22.55,17.53,5.99,3.32
9/7/2020,98.07,25.96,23.06,18.08,56.37,4.37
10/7/2020,98.11,27.36,22.85,17.85,11.31,4.28
11/7/2020,98.12,26.14,22.57,17.56,5.67,4.2
12/7/2020,97.99,27.63,23.39,18.47,13.1,3.63
13/07/2020,97.93,27.05,23.67,18.8,12.22,3.51
14/07/2020,97.94,26.56,23.41,18.48,1.34,3.85
15/07/2020,97.87,26.37,23.25,18.33,1.66,4.99
16/07/2020,97.85,26.17,22.86,17.91,5.05,4.37
17/07/2020,97.87,26.7,22.66,17.68,1.87,5.21
18/07/2020,98.01,27.03,22.7,17.71,6.55,2.94
19/07/2020,98.06,26.6,23.25,18.29,8.66,3.03
20/07/2020,97.97,26.74,23.75,18.87,4.07,4.67
21/07/2020,98.04,26.72,23.28,18.32,0.01,4.26
22/07/2020,98.13,26.6,23.69,18.76,0.03,4.51
23/07/2020,98.06,26.12,23.49,18.55,10.04,4.42
24/07/2020,98.1,26.5,23.63,18.7,18.9,3.91
25/07/2020,98.2,26.84,22.54,17.51,8.35,3.25
26/07/2020,98.29,26.84,22.64,17.58,2.67,4.33
27/07/2020,98.13,27.26,22.38,17.35,1.79,4.89
28/07/2020,97.98,26.45,23.19,18.24,3.59,4.3
29/07/2020,97.9,26.78,23.57,18.67,3.46,2.01
30/07/2020,97.93,27.06,23.62,18.73,3.49,3.04
31/07/2020,97.9,27.47,23.84,19,7.96,4.19
1/8/2020,97.96,26.37,23.71,18.83,22.89,4.29
2/8/2020,97.91,25.87,23.25,18.32,13.72,5.31
3/8/2020,97.8,26.36,23.02,18.09,2.3,6.46
4/8/2020,97.69,26.06,21.57,16.57,1.46,8.59
5/8/2020,97.53,26.73,21.46,16.48,0.57,9.75
6/8/2020,97.7,27.51,23.13,18.27,0.02,6.73
7/8/2020,97.96,27.91,23.63,18.75,0.01,5.87
8/8/2020,98,27.25,23.06,18.12,10.17,5.73
9/8/2020,97.94,26.07,22.55,17.54,4.73,6.73
10/8/2020,98,26.64,22.55,17.56,0.22,5.54
11/8/2020,98.09,27.58,22.89,17.9,4.46,5.92
12/8/2020,98.18,27.14,22.65,17.62,0.1,6.04
13/08/2020,98.02,27.22,22.56,17.56,0.26,6.4
14/08/2020,97.91,27.61,22.47,17.48,0.03,6.33
15/08/2020,97.96,27.2,22.28,17.26,0,6.55
16/08/2020,98,27.82,22.68,17.69,0.18,5.98
17/08/2020,97.98,27.61,23.24,18.33,0.73,4.98
18/08/2020,98,28.07,23.58,18.7,3.23,4.71
19/08/2020,97.88,27.99,23.23,18.33,1.07,5.53
20/08/2020,97.9,27.92,23.14,18.22,0,5.29
21/08/2020,98.1,27.96,23.04,18.07,0.17,4.18
22/08/2020,98.21,27.72,23.39,18.44,5.88,3.35
23/08/2020,98.2,27.24,23.49,18.55,22.35,2.99
24/08/2020,98.25,26.4,23.55,18.6,15.59,3.25
25/08/2020,98.29,26.8,23.49,18.52,0.56,3.12
26/08/2020,98.29,26.85,23.77,18.84,4.73,2.59
27/08/2020,98.18,26.95,23.22,18.24,0.94,3.54
28/08/2020,98.06,27.99,22.39,17.37,0.23,3.64
29/08/2020,98.06,27.96,23.43,18.52,0.02,2.92
30/08/2020,98.12,27.49,23.94,19.08,8.09,3.28
31/08/2020,98.19,27.3,23.91,19.02,5.12,3.38
1/9/2020,98.12,25.83,24.05,19.19,2.98,4.32
2/9/2020,98.17,26.4,23.06,18.05,15.96,1.94
3/9/2020,98.19,26.29,23.13,18.14,10.97,3.3
4/9/2020,98.14,27.01,23.63,18.71,1.78,2.91
5/9/2020,98.09,26.78,23.7,18.78,0.31,2.96
6/9/2020,98.05,26.64,23.87,18.99,1.66,2.91
7/9/2020,98.09,26.94,24,19.14,9.61,3.08
8/9/2020,98.13,27.22,23.46,18.52,4.16,3.73
9/9/2020,98.03,27.15,23.84,18.97,5.78,3.54
10/9/2020,97.88,26.41,23.47,18.58,5.88,4.67
11/9/2020,97.94,25.88,23.1,18.16,0.75,5.5
12/9/2020,98.19,25.92,22.87,17.85,4.68,4.97
13/09/2020,98.19,25,21.78,16.72,21.41,5.76
14/09/2020,98.03,25.18,21.73,16.69,7.18,6.61
15/09/2020,98.03,26.15,22.48,17.51,4.71,4.74
16/09/2020,98.07,26.39,23.24,18.28,3.48,4.9
17/09/2020,98.09,27.1,23.01,18.03,1.68,4.76
18/09/2020,97.96,26.83,23.24,18.31,18.11,6.38
19/09/2020,97.75,25.92,23.21,18.31,5.62,5.19
20/09/2020,97.71,24.99,22.09,17.13,2.73,6.98
21/09/2020,97.81,25.4,21.49,16.48,0.18,7.59
22/09/2020,97.96,25.51,20.57,15.53,0,7.96
23/09/2020,98.09,26.11,20.95,15.98,0,6
24/09/2020,98.26,26.94,22.52,17.47,0,4.82
25/09/2020,98.27,25.34,22.93,17.91,12.67,4.7
26/09/2020,98.23,24.91,22.16,17.08,0.89,5.22
27/09/2020,98.29,26.3,22.22,17.15,0.19,3.53
28/09/2020,98.22,27.05,23.07,18.06,3.41,3.61
29/09/2020,98.09,26.3,23.33,18.38,12.55,2.81
30/09/2020,98.03,25.76,23.38,18.44,18.41,3.63
1/10/2020,98.07,26.13,22.41,17.36,0.05,5.75
2/10/2020,98.08,27.22,22.15,17.13,0.7,3.92
3/10/2020,98.09,26.93,23.44,18.5,0.85,5.15
4/10/2020,98.21,25.94,22.23,17.17,0.2,6.96
5/10/2020,98.13,26.62,21.43,16.38,0,6.93
6/10/2020,98.12,27.12,21.96,16.96,2.02,4.35
7/10/2020,98.16,27.57,23.32,18.36,0.56,3.9
8/10/2020,98.19,26.92,23.14,18.15,0.1,2.21
9/10/2020,98.22,26.31,23.5,18.54,2.96,3.01
10/10/2020,98.15,25.77,23.35,18.38,14.19,2.69
11/10/2020,97.95,25.35,23.05,18.08,4.5,3.88
12/10/2020,97.79,25.85,23.06,18.14,2.92,4.39
13/10/2020,97.64,25.53,22.77,17.85,1.27,6.55
14/10/2020,97.79,25.97,21.99,17,0.15,6.93
15/10/2020,97.91,25.53,21.62,16.58,0.02,5.16
16/10/2020,97.93,26.94,22.52,17.55,1.2,3.23
17/10/2020,98.06,25.53,23.89,19.03,5.22,2.3
18/10/2020,98.13,25.69,22.28,17.24,4.18,3.12
19/10/2020,98.1,25.81,23.29,18.33,12.02,2.86
20/10/2020,98.04,25.72,23.16,18.19,11.31,3.4
21/10/2020,98.1,25.38,22.61,17.57,7.75,3.6
22/10/2020,98.06,26.14,22.99,18.05,10.37,2.46
23/10/2020,98.12,26,23.6,18.68,26.7,2.82
24/10/2020,98.25,26.1,23.34,18.35,1.38,3.6
25/10/2020,98.41,26.2,23.04,17.99,0,2.8
26/10/2020,98.48,25.64,22.32,17.21,0.02,3.31
27/10/2020,98.44,24.99,22.07,16.95,0.75,4.35
28/10/2020,98.51,24.5,21.72,16.58,7.57,5.54
29/10/2020,98.54,24.04,21.89,16.75,8.14,5.41
30/10/2020,98.48,24.66,20.33,15.22,0.64,4.72
31/10/2020,98.47,25.17,20.47,15.36,0,3.42
1/11/2020,98.53,25.32,21.41,16.28,0,3.38
2/11/2020,98.62,25.72,22.4,17.27,0,3.16
3/11/2020,98.6,25.73,22.74,17.63,0.05,3.93
4/11/2020,98.57,25.48,23.32,18.27,3.11,3.99
5/11/2020,98.62,25.57,23.14,18.06,6.91,4.12
6/11/2020,98.73,25.22,23.14,18.05,3.35,3.46
7/11/2020,98.78,25.7,23.33,18.24,6.41,4.32
8/11/2020,98.83,25.32,22.59,17.44,4.56,6.56
9/11/2020,98.71,23.9,20.47,15.31,0.02,6.21
10/11/2020,98.55,22.56,18.61,13.67,0,6.16
11/11/2020,98.5,23.68,20.86,15.87,4.71,7.06
12/11/2020,98.6,24.81,23.54,18.5,10.29,5.25
13/11/2020,98.6,25.13,23.43,18.38,16.01,5.91
14/11/2020,98.51,25.03,22.75,17.65,5.9,6.51
15/11/2020,98.46,25.07,24.03,19.12,30.93,6.46
16/11/2020,98.58,24.3,23.36,18.31,18.6,4.78
17/11/2020,98.53,24.7,22.8,17.72,6.82,4.29
18/11/2020,98.57,24.99,22.69,17.58,2.62,3.65
19/11/2020,98.6,24.62,22.35,17.2,0.09,4.09
20/11/2020,98.68,24.05,21.03,15.85,0,3.82
21/11/2020,98.72,22.5,19.22,14.17,0,3.56
22/11/2020,98.76,21.99,18.61,13.64,0,3.44
23/11/2020,98.71,22.59,20.02,14.92,2.52,5.89
24/11/2020,98.54,23.54,22.01,16.9,31.34,8.06
25/11/2020,98.32,23.92,22.31,17.22,38.54,9.78
26/11/2020,97.79,24.35,23.25,18.34,127.06,11.52
27/11/2020,98.34,23.6,22.07,16.97,15.67,4.89
28/11/2020,98.76,24.28,22.28,17.11,1.79,4.52
29/11/2020,98.8,23.75,22.27,17.1,2.35,5.46
30/11/2020,98.79,23.86,21.71,16.52,0.85,6.58
1/12/2020,98.82,23.18,20.38,15.2,0.04,6.77
2/12/2020,98.63,23.25,21.09,15.97,8.68,8.31
3/12/2020,98.45,23.89,23.09,18.1,41.46,7.01
4/12/2020,98.42,23.86,22.96,17.9,22.62,7.18
5/12/2020,98.47,23.96,22.77,17.69,11.59,6.82
6/12/2020,98.62,24.15,22.76,17.64,9.51,6.13
7/12/2020,98.78,24.38,22.94,17.81,19.24,6.06
8/12/2020,98.85,24.22,22.65,17.48,6.14,5.01
9/12/2020,98.78,23.38,21.64,16.46,4.87,5.27
10/12/2020,98.8,21.8,19.26,14.19,0.03,3.92
11/12/2020,98.82,21.42,18.71,13.71,0,4.12
12/12/2020,98.76,21.65,18.3,13.38,0,4.19
13/12/2020,98.68,21.92,18.25,13.36,0,3.71
14/12/2020,98.69,22.01,18.03,13.17,0,3.61
15/12/2020,98.79,22.11,19.46,14.43,1.28,5.68
16/12/2020,98.81,23.12,21.38,16.18,10.01,6.46
17/12/2020,98.79,23.04,21.66,16.47,5.91,6.33
18/12/2020,98.8,22.99,20.73,15.54,0.49,6.36
19/12/2020,98.87,22.64,20.62,15.43,0.23,6.39
20/12/2020,98.93,21.69,19.23,14.14,0,6.52
21/12/2020,98.83,20.43,17.66,12.83,0,6.04
22/12/2020,98.76,20.27,17.41,12.67,0,5.29
23/12/2020,98.69,20.73,17.93,13.08,0,4.56
24/12/2020,98.62,21.13,18.65,13.69,0,4.45
25/12/2020,98.69,20.96,18.21,13.29,0,4.75
26/12/2020,98.77,20.61,17.76,12.91,0,5.18
27/12/2020,98.71,20.79,18.17,13.28,0,5.73
28/12/2020,98.67,20.56,18,13.12,0,5.12
29/12/2020,98.65,21.73,19.39,14.34,0.05,5.77
30/12/2020,98.64,22.72,20.72,15.57,3.34,6.47
31/12/2020,98.71,22.72,20.89,15.71,2.78,6.73
1/1/2021,98.79,21.44,19.01,13.95,0.45,5.94
2/1/2021,98.74,21.92,19.9,14.8,1.99,6.27
3/1/2021,98.62,22.84,20.74,15.6,1.04,6.09
4/1/2021,98.63,23.11,20.93,15.76,3.72,5.82
5/1/2021,98.63,23.11,22.23,17.1,24.71,4.89
6/1/2021,98.57,23.66,22.68,17.58,32.8,4.35
7/1/2021,98.43,23.72,22.27,17.16,4.78,4.79
8/1/2021,98.38,24.13,22.36,17.28,0.51,4.81
9/1/2021,98.48,23.42,21.48,16.33,0.07,4.85
10/1/2021,98.53,23.53,21.65,16.49,0.59,5.6
11/1/2021,98.64,23.42,21.75,16.59,0.55,5.61
12/1/2021,98.66,23.22,21.18,16.01,0.52,6.64
13/01/2021,98.67,23.09,20.68,15.51,0.12,5.78
14/01/2021,98.63,22.53,20.67,15.52,0.98,5.38
15/01/2021,98.61,22.54,20.04,14.92,0.23,4.7
16/01/2021,98.55,21.94,18.63,13.66,0,3.49
17/01/2021,98.65,21.54,18.32,13.39,0,3.83
18/01/2021,98.74,21.68,18.31,13.37,0,4.69
19/01/2021,98.71,21.65,18.87,13.85,0,4.57
20/01/2021,98.7,22.53,19.4,14.35,0,4.33
21/01/2021,98.63,23.87,20.73,15.63,0,3.1
22/01/2021,98.64,23.91,21.32,16.15,0,3.49
23/01/2021,98.7,22.89,19.77,14.65,0,3.47
24/01/2021,98.77,22.22,18.12,13.2,0,2.74
25/01/2021,98.83,21.89,17.65,12.82,0,2.61
26/01/2021,98.77,21.67,16.6,12,0,3.08
27/01/2021,98.8,21.67,17.95,13.07,0,2.93
28/01/2021,98.82,22.05,18.89,13.84,0,4.29
29/01/2021,98.85,22.32,18.37,13.4,0,4.45
30/01/2021,98.77,22.37,18.46,13.52,0,4.16
31/01/2021,98.83,22.1,18.8,13.78,0,4.72
1/2/2021,98.99,21.82,18.61,13.59,0,5.55
2/2/2021,98.99,22.26,19.1,14.01,0.22,4.88
3/2/2021,98.93,22.17,18.4,13.42,0.43,5.1
4/2/2021,98.93,21.63,16.68,12.03,0,4.78
5/2/2021,98.82,21.09,16.4,11.83,0,4.9
6/2/2021,98.75,20.97,16.16,11.66,0,4.65
7/2/2021,98.79,20.83,15.46,11.19,0,5.62
8/2/2021,98.87,21.25,17.04,12.31,0,6.07
9/2/2021,98.81,21.09,16.66,12.03,0,5.19
10/2/2021,98.74,20.79,15.93,11.5,0,3.98
11/2/2021,98.68,21.06,15.79,11.4,0,3.63
12/2/2021,98.77,21,15.63,11.29,0,3.58
13/02/2021,98.82,20.95,15.57,11.25,0,4.12
14/02/2021,98.8,21.2,14.77,10.73,0,3.74
15/02/2021,98.66,22.38,14.99,10.89,0,4.21
16/02/2021,98.65,22.63,16.16,11.74,0,3.2
17/02/2021,98.64,22.67,17.32,12.59,0,3.82
18/02/2021,98.78,22.62,17.67,12.85,0,4.87
19/02/2021,98.78,23.39,19.25,14.19,1.76,5
20/02/2021,98.72,23.85,20.63,15.46,6.15,6.59
21/02/2021,98.82,23.38,20.64,15.46,12.49,6.34
22/02/2021,98.85,24.03,19.86,14.71,0.1,4.78
23/02/2021,98.72,24.02,18.71,13.75,0,4.04
24/02/2021,98.64,23.93,17.1,12.5,0,3.18
25/02/2021,98.59,24.26,16.19,11.82,0,3.34
26/02/2021,98.44,24.72,15.27,11.19,0,4.33
27/02/2021,98.38,24.9,16.02,11.89,0,4.38
28/02/2021,98.47,24.77,16.87,12.54,0,4.17
1/3/2021,98.72,25.29,16.67,12.47,0,3.64
2/3/2021,98.75,25.12,17.18,12.67,0,3.78
3/3/2021,98.67,24.67,15.8,11.62,0,4.02
4/3/2021,98.71,24.42,16.27,11.99,0,3.73
5/3/2021,98.79,24.5,16.19,11.87,0,3.64
6/3/2021,98.73,25.7,16.12,11.93,0,4
7/3/2021,98.66,25.73,16.92,12.55,0,3.79
8/3/2021,98.73,25.92,18.02,13.45,0,3.69
9/3/2021,98.79,25.99,19.1,14.19,0,3.63
10/3/2021,98.76,26.79,19.87,14.86,0,3.66
11/3/2021,98.74,26.77,19.4,14.45,0,4.41
12/3/2021,98.85,25.13,16.84,12.42,0,3.92
13/03/2021,98.8,25.73,16.53,12.02,0,3.81
14/03/2021,98.65,26.09,16.68,12.24,0,3.93
15/03/2021,98.54,27,16.91,12.44,0,3.74
16/03/2021,98.56,26.93,15.55,11.85,0,3.61
17/03/2021,98.48,27.17,17.42,12.91,0,3.54
18/03/2021,98.53,26.38,17.53,13.06,0,3.52
19/03/2021,98.47,26,17.37,12.75,0,3.53
20/03/2021,98.36,26.83,16.29,12.09,0,3.74
21/03/2021,98.34,27.33,15.71,11.81,0,4.01
22/03/2021,98.47,27.8,17.34,12.92,0,3.82
23/03/2021,98.54,27.89,17.79,13.31,0,3.62
24/03/2021,98.52,28.14,17.65,13.12,0,3.49
25/03/2021,98.43,28.65,17.07,12.68,0,4.12
26/03/2021,98.42,28.35,18.31,13.7,0,4.2
27/03/2021,98.36,28.96,18.89,14.23,0,3.41
28/03/2021,98.31,29.35,18.56,13.96,0,4.42
29/03/2021,98.27,29.77,17.65,13.4,0,4.84
30/03/2021,98.08,30.85,16.12,12.29,0,4.83
31/03/2021,97.93,32.59,17.91,13.43,0,4.88
1/4/2021,97.86,33.3,16.35,12.55,0,4.55
2/4/2021,97.92,33.47,17.24,13.15,0,5.13
3/4/2021,98,33.38,18.68,14.12,0,4.76
4/4/2021,98.17,32.8,19.06,14.41,0.01,3.45
5/4/2021,98.31,31.41,19.08,14.46,0,4.15
6/4/2021,98.46,30.13,18.9,14.32,0,3.91
7/4/2021,98.52,30.03,17.19,12.98,0,4.3
8/4/2021,98.34,29.53,16.35,12.36,0,4.97
9/4/2021,98.31,29.43,17.97,13.6,0,4.58
10/4/2021,98.44,29.85,19.1,14.4,0,4.48
11/4/2021,98.57,30.09,19.25,14.44,0.09,4.17
12/4/2021,98.61,29.97,20.4,15.33,0.59,3.88
13/04/2021,98.56,30.07,20.05,15.06,1.21,3.78
14/04/2021,98.47,29.62,20.87,15.84,11.86,3.72
15/04/2021,98.5,27.72,22.06,16.99,12.56,3.27
16/04/2021,98.4,29.46,20.29,15.34,0.03,3.79
17/04/2021,98.43,29.92,21.41,16.41,0,3.68
18/04/2021,98.51,30.25,20.89,15.98,0,4.03
19/04/2021,98.28,31.04,20.77,15.84,0.16,3.89
20/04/2021,98.24,30.55,21.2,16.33,0.12,2.98
21/04/2021,98.37,30.9,21.47,16.58,0.05,3.38
22/04/2021,98.37,30.79,20.88,15.94,0,3.91
23/04/2021,98.36,31.01,21.3,16.31,2.2,2.03
24/04/2021,98.38,28.44,23.02,18.02,4.19,2.74
25/04/2021,98.33,30.32,21.53,16.57,0.33,3.43
26/04/2021,98.31,29.93,21.86,16.9,0,3.86
27/04/2021,98.35,30.35,21.42,16.47,0,3.86
28/04/2021,98.38,31.02,20.27,15.53,0,4.08
29/04/2021,98.33,31.07,20.31,15.52,0,4.04
30/04/2021,98.26,31.19,20.9,16,0.6,3.86
1/5/2021,98.29,30.82,21.52,16.56,1.42,4.22
2/5/2021,98.32,30.48,21.54,16.54,0.68,3.67
3/5/2021,98.25,30.76,21.14,16.19,0.93,4.05
4/5/2021,98.22,31.03,20.63,15.73,1.72,3.89
5/5/2021,98.22,31.49,20.32,15.41,0,4.56
6/5/2021,98.31,31.37,20.89,15.91,0,4.49
7/5/2021,98.41,30.81,21.37,16.38,1.68,4.62
8/5/2021,98.34,30.19,21.55,16.53,1.5,3.73
9/5/2021,98.2,31.08,21.55,16.52,0.09,3.96
10/5/2021,98.14,31.97,21.26,16.3,0,4.47
11/5/2021,98.07,32.84,21.54,16.62,0.61,3.2
12/5/2021,97.96,33.05,22,17.03,2.3,3.13
13/05/2021,97.91,32.19,22.14,17.22,0.71,3.51
14/05/2021,97.83,32.29,21.74,16.87,2.66,5.54
15/05/2021,97.82,30.69,21.67,16.67,0.9,6.35
16/05/2021,97.91,30.75,21.46,16.45,0,6.4
17/05/2021,98.06,31.45,21.26,16.27,0.09,4.68
18/05/2021,98.11,30.97,22.62,17.65,0.2,4.52
19/05/2021,98.06,30.2,23.11,18.17,7.9,4.67
20/05/2021,98.11,29.43,22.92,17.97,6.31,3.66
21/05/2021,98.18,27.68,22.52,17.52,13.71,5.13
22/05/2021,98.07,28.56,22.19,17.19,2.78,3.97
23/05/2021,98.06,30.04,21.45,16.46,0.02,4.42
24/05/2021,98.12,28.44,21.3,16.29,0.06,6.84
25/05/2021,97.93,27.48,22.12,17.09,3.28,7.24
26/05/2021,97.76,30.63,20.65,15.69,0.15,8.02
27/05/2021,97.94,29.67,20.13,15.17,0,6.8
28/05/2021,98,31.26,19.73,14.92,0.15,5.19
29/05/2021,98.06,31.87,20.51,15.59,1.64,4.39
30/05/2021,98.03,31.66,21.36,16.39,14.89,4.06
31/05/2021,97.92,30.54,22.24,17.26,2.94,4.57
1/6/2021,97.92,31.32,22.15,17.21,1.91,3.78
2/6/2021,97.99,31.38,22.07,17.11,0.12,2.75
3/6/2021,98.15,30.22,22.35,17.43,0.26,3.35
4/6/2021,98.26,28.11,23.14,18.18,5.36,4.68
5/6/2021,98.26,27.73,22.07,17.02,16.69,3.71
6/6/2021,98.18,28.74,21.32,16.26,0,3.1
7/6/2021,98.15,29.45,21.68,16.66,9.7,3.95
8/6/2021,98.07,29.79,21.19,16.19,2.03,4.72
9/6/2021,97.97,29.75,21.21,16.26,0.2,5.32
10/6/2021,97.88,29.7,20.4,15.51,0.19,6.34
11/6/2021,97.93,28.63,19.87,14.9,0.01,7.82
12/6/2021,97.93,28.99,18.8,14.02,1.41,8.52
13/06/2021,97.89,28.7,19.25,14.35,0.55,7.8
14/06/2021,97.84,28.63,19.3,14.36,0.35,8.48
15/06/2021,97.83,29.1,19.05,14.2,0.02,8.78
16/06/2021,97.95,29.8,19.98,14.97,0.27,8.18
17/06/2021,98.03,29.81,20.3,15.26,0.07,8.01
18/06/2021,98.15,29.42,19.38,14.45,0,7.85
19/06/2021,98.29,28.87,20.63,15.55,0.95,6.77
20/06/2021,98.3,29.22,19.81,14.8,0.24,6.94
21/06/2021,98.18,29.93,20.17,15.22,0.64,4.69
22/06/2021,98.16,28.18,21.3,16.25,3.46,5.3
23/06/2021,98.13,28.7,21.24,16.2,3.49,4.67
24/06/2021,98.15,29.33,21.62,16.67,12.65,4.58
25/06/2021,98.02,29.98,19.33,14.51,0.01,5.82
26/06/2021,97.97,30.3,19.52,14.69,1.28,5.96
27/06/2021,98.18,27.59,19.74,14.83,4.73,6.19
28/06/2021,98.12,28.62,19.11,14.23,0.78,4.11
29/06/2021,98.08,29.57,20.45,15.46,0.04,5.22
30/06/2021,98.03,30.09,22.92,17.99,3.63,3.87
1/7/2021,97.97,28.43,24.47,19.73,16.61,3.33
2/7/2021,98.06,28.24,23.7,18.85,19.14,2.66
3/7/2021,98.13,27.71,23.77,18.88,7.66,1.98
4/7/2021,98.13,26.98,22.84,17.83,13.14,3.9
5/7/2021,98,28.44,22.51,17.51,1.27,3.58
6/7/2021,97.92,28.37,23.09,18.17,0.18,2.5
7/7/2021,97.93,27.83,23.58,18.7,0.41,3.46
8/7/2021,97.95,27.45,22.88,17.91,13.26,4.42
9/7/2021,97.8,27.21,23.62,18.76,30.64,4.75
10/7/2021,97.73,26.36,22.2,17.23,8.82,5.69
11/7/2021,97.74,26,21.65,16.67,0.82,5.57
12/7/2021,97.76,25.63,20.97,15.94,0.73,6.53
13/07/2021,97.8,27.3,22.08,17.11,0.93,5.28
14/07/2021,97.88,26.83,22.71,17.74,16.69,5.07
15/07/2021,97.89,27.26,22.47,17.48,9.01,6.18
16/07/2021,98.09,27.51,22.83,17.84,8.01,4.71
17/07/2021,98.11,26.43,23.52,18.58,29.71,4.4
18/07/2021,97.95,26.3,23.51,18.61,19.56,5.94
19/07/2021,97.96,27.51,22.28,17.27,7.99,6.82
20/07/2021,98.14,27.28,22.48,17.45,1.58,7.81
21/07/2021,98.08,27.13,22.41,17.38,0.52,7.45
22/07/2021,97.79,26.17,22.06,17.04,1.2,8.65
23/07/2021,97.74,27.38,22.23,17.27,0.16,6.69
24/07/2021,97.87,28.36,22.65,17.68,0.53,6.75
25/07/2021,98.01,27.62,22.96,17.98,5.67,7.26
26/07/2021,98.04,26.84,22.49,17.48,2.83,6.57
27/07/2021,97.99,27.44,22.16,17.14,1.37,6.64
28/07/2021,98.05,28.42,21.71,16.65,0.01,7.92
29/07/2021,98.08,27.96,21.83,16.8,0.19,7.27
30/07/2021,98.18,27.97,22.09,17.03,0.14,7.07
31/07/2021,98.22,28.36,21.89,16.82,3.51,7.33
1/8/2021,98.14,27.62,21.87,16.82,0.69,6.84
2/8/2021,98.11,28.03,21.01,15.94,0.4,7.71
3/8/2021,98.25,28.21,21.26,16.2,0.48,6.85
4/8/2021,98.27,28.39,21.86,16.77,0.04,7.61
5/8/2021,98.1,28.85,22.27,17.26,3.92,7.07
6/8/2021,98.01,28.69,22.45,17.48,4.11,6.58
7/8/2021,98.08,28.64,23.23,18.29,7.1,4.87
8/8/2021,98.17,28.65,23.35,18.41,5.06,4.32
9/8/2021,98.18,28.48,23.8,18.92,13.21,3.71
10/8/2021,98.14,26.96,23.48,18.55,8.47,5.17
11/8/2021,98.14,25.83,23.18,18.19,1.73,4.47
12/8/2021,98.18,26.15,23.38,18.4,1.41,5.13
13/08/2021,98.11,27.07,22.74,17.72,1.14,5.23
14/08/2021,97.97,26.96,22.2,17.17,0.74,6.32
15/08/2021,98.04,26.55,21.41,16.34,1.09,6.96
16/08/2021,98.11,27.55,21.39,16.33,3.96,5.01
17/08/2021,98.14,28.01,21.84,16.8,1.31,4.47
18/08/2021,98.04,27.85,20.83,15.84,0.1,5.07
19/08/2021,97.99,27.98,21.37,16.41,1.67,5.44
20/08/2021,98.12,26.73,21.61,16.55,4.79,4.34
21/08/2021,98.34,24.92,22.2,17.09,8.21,3.54
22/08/2021,98.3,25.65,21.92,16.82,11.54,3.76
23/08/2021,98.24,26.19,22.41,17.33,0.52,4.7
24/08/2021,98.19,27.69,22.8,17.79,7.48,4
25/08/2021,98.07,27.5,23.02,18.03,1.86,4.6
26/08/2021,97.95,27.57,23.05,18.1,4.21,2.53
27/08/2021,97.93,26.09,23.72,18.84,27.89,2.43
28/08/2021,97.82,26.36,22.67,17.7,12.01,4.02
29/08/2021,97.78,26.22,21.48,16.5,6.26,5.48
30/08/2021,97.88,26.14,21.44,16.46,0.04,6.05
31/08/2021,98.05,25.82,21.24,16.23,2.44,4.14
1/9/2021,98.2,26.58,22.12,17.07,3.6,2.59
2/9/2021,98.18,25.56,22.64,17.59,12.61,3.85
3/9/2021,98.08,26.08,22.14,17.1,8.04,4.57
4/9/2021,98.06,25,22.82,17.81,11.05,5.41
5/9/2021,98,26.94,22.51,17.51,7.56,6.09
6/9/2021,97.96,26.04,21.6,16.56,6.69,7.03
7/9/2021,98.02,25.44,21.26,16.19,0.18,6.22
8/9/2021,98.15,26.28,22.46,17.41,0.04,5.67
9/9/2021,98.22,27.16,22.27,17.21,0.1,5.37
10/9/2021,98.15,26.73,22.62,17.6,0.24,5.82
11/9/2021,98.05,26.93,22.65,17.66,0.01,6.62
12/9/2021,97.94,26.91,23.02,18.08,0,6.35
13/09/2021,97.86,27.08,22.61,17.64,0,7.09
14/09/2021,97.97,27.48,22.99,18.03,0,5.79
15/09/2021,98.08,27.71,23.13,18.19,1.08,4.42
16/09/2021,98.08,27.44,23,18.02,0.5,4.28
17/09/2021,98.08,26.87,23.5,18.58,1.17,3.51
18/09/2021,98.2,27.26,22.96,17.96,1.98,3.49
19/09/2021,98.33,27.68,23.22,18.23,12.88,2.57
20/09/2021,98.25,27.65,23.52,18.57,2.84,2.29
21/09/2021,98.13,27.24,23.22,18.25,6.71,3.98
22/09/2021,97.99,27.24,22.81,17.84,16.2,4.21
23/09/2021,98.05,27.29,23.43,18.49,2.78,2.8
24/09/2021,98.14,26.59,22.7,17.67,2.66,3.78
25/09/2021,98.06,27.16,23.66,18.78,12.41,2.74
26/09/2021,97.88,26.01,22.78,17.82,6.5,4.42
27/09/2021,97.71,27.16,22.19,17.22,0.04,6.76
28/09/2021,97.98,25.99,21.94,16.9,1.41,6.18
29/09/2021,98.18,26.83,21.69,16.63,3.98,3.9
30/09/2021,98.28,26.95,22.23,17.18,3.19,2.75
1/10/2021,98.27,26.66,23.24,18.24,1.73,3.1
2/10/2021,98.24,25.77,24.03,19.14,6.25,3.7
3/10/2021,98.23,26.52,23.41,18.44,5.55,2.44
4/10/2021,98.16,26.41,23.5,18.54,2.21,2.91
5/10/2021,98.13,25.36,23.92,19.04,37.01,3.68
6/10/2021,97.98,26.22,23.95,19.12,5.67,3.12
7/10/2021,98.06,26.29,23.62,18.71,2.17,3.43
8/10/2021,98.08,27.02,24.3,19.5,4.25,2.96
9/10/2021,98.21,26.45,23.92,19.02,3,3.58
10/10/2021,98.19,26.17,23.35,18.38,6.82,4.68
11/10/2021,98.08,25.95,23.14,18.17,4.85,3.66
12/10/2021,98.07,26.12,23.14,18.16,4.18,3.47
13/10/2021,98.01,26.83,23.32,18.38,6.27,3.58
14/10/2021,97.96,26.66,23.62,18.72,0.45,3.82
15/10/2021,97.76,26.67,23.77,18.93,3.91,2.37
16/10/2021,97.72,26.8,23.8,18.98,3.27,3.62
17/10/2021,97.85,26.72,24.18,19.41,3.61,1.54
18/10/2021,98.1,26.81,23.33,18.38,0.05,4.52
19/10/2021,98.39,26.32,23.35,18.35,1.86,3.38
20/10/2021,98.57,26.04,23.31,18.26,3.08,3.15
21/10/2021,98.61,25.87,23.31,18.25,2.25,1.97
22/10/2021,98.64,25.88,23.22,18.15,0.58,2.45
23/10/2021,98.68,25.74,23.5,18.44,1.04,3.18
24/10/2021,98.68,25.72,22.92,17.81,3.79,3.17
25/10/2021,98.53,25.09,22.52,17.4,0.06,4.65
26/10/2021,98.45,25.25,22.26,17.13,0.56,4.1
27/10/2021,98.46,25.12,22.27,17.15,0.28,4.68
28/10/2021,98.46,24.84,21.21,16.1,0.51,5.92
29/10/2021,98.6,24.86,22.83,17.73,19.5,4.33
30/10/2021,98.68,24.53,23.1,18.01,13.29,4.69
31/10/2021,98.6,25.05,23.49,18.46,9.32,5.42
1/11/2021,98.53,24.64,23.33,18.29,13.6,4.99
2/11/2021,98.56,24.36,22.86,17.77,20.54,5.09
3/11/2021,98.55,23.91,22.79,17.69,15.66,4.26
4/11/2021,98.51,24.19,22.83,17.75,2.04,4.13
5/11/2021,98.45,24.35,22.58,17.48,13.23,3.32
6/11/2021,98.3,24.85,23.36,18.38,28.84,3.69
7/11/2021,98.29,25.11,23.52,18.55,30.98,3.72
8/11/2021,98.42,24,23.08,18.04,25.13,6.06
9/11/2021,98.5,22.73,21.08,15.95,9.54,6.25
10/11/2021,98.35,21.95,20.25,15.16,38.41,7.82
11/11/2021,97.83,22.72,21.55,16.61,61.61,9.64
12/11/2021,97.91,24.2,22.6,17.63,6.47,6.04
13/11/2021,98.22,25.45,23.49,18.53,2.39,2.56
14/11/2021,98.24,25.26,23.43,18.46,7.33,2.84
15/11/2021,98.15,25.14,23.46,18.5,10.31,3.57
16/11/2021,98.18,25.17,23.48,18.54,5.1,2.82
17/11/2021,98.37,24.89,23.58,18.6,11.43,4.23
18/11/2021,97.98,24.46,23.65,18.78,80.66,9.47
19/11/2021,97.8,25.41,24.26,19.5,27.79,8.11
20/11/2021,98.03,25.4,24.19,19.38,23.86,6.7
21/11/2021,98.38,25.32,22.79,17.75,9.14,2.91
22/11/2021,98.51,24.77,23.44,18.42,2.21,3.61
23/11/2021,98.47,25.02,23.39,18.37,1.07,4.47
24/11/2021,98.49,24.42,23.09,18.04,3.29,4.58
25/11/2021,98.49,24.52,23.25,18.21,8.64,6.51
26/11/2021,98.5,24.3,22.92,17.84,27.1,7.43
27/11/2021,98.52,23.64,22.74,17.66,11.6,7.36
28/11/2021,98.59,23.38,22.55,17.46,41.1,6.16
29/11/2021,98.7,23.6,22.4,17.25,8.89,3.66
30/11/2021,98.62,24.25,23.44,18.42,9.85,5.71
1/12/2021,98.62,24.16,22.66,17.55,0.96,6.03
2/12/2021,98.62,22.98,21.11,15.95,0.03,5.47
3/12/2021,98.6,22.03,20.44,15.34,0.03,4.47
4/12/2021,98.55,24.69,20.17,15.08,0,2.53
5/12/2021,98.55,25.42,21.51,16.42,0.41,2.4
6/12/2021,98.56,25.04,22.79,17.71,2.4,3.02
7/12/2021,98.63,24.12,22.13,16.97,0.02,4.22
8/12/2021,98.66,23.67,22.2,17.07,0.23,4.73
9/12/2021,98.76,23.63,22.25,17.09,5.08,5.29
10/12/2021,98.86,23.62,21.72,16.54,1.07,5.46
11/12/2021,98.82,23.96,22.25,17.07,2.22,6.49
12/12/2021,98.84,23.79,22.09,16.89,4.17,6.42
13/12/2021,98.73,23.96,22.06,16.88,5.97,6.84
14/12/2021,98.71,23.03,21.35,16.16,1.4,6.33
15/12/2021,98.75,22.65,20.54,15.36,0.04,6.41
16/12/2021,98.85,22.06,19.93,14.79,0,6.53
17/12/2021,98.91,21.82,19.6,14.46,0,6.11
18/12/2021,98.86,21.2,18.86,13.82,0,6.27
19/12/2021,98.97,20.4,17.72,12.86,0,6.26
20/12/2021,98.96,20.45,17.59,12.76,0,5.49
21/12/2021,98.98,20.23,16.71,12.06,0,3.85
22/12/2021,98.85,20.27,16.8,12.14,0,2.65
23/12/2021,98.79,19.81,15.59,11.23,0,3.05
24/12/2021,98.8,20.73,16.58,12.01,0,2.45
25/12/2021,98.83,21.08,17.5,12.7,0,2.6
26/12/2021,98.97,21.42,18.55,13.56,0,2.78
27/12/2021,98.99,21.72,19.13,14.05,0,3.53
28/12/2021,98.93,21.44,19.35,14.25,0.04,4.49
29/12/2021,98.85,21.72,19.29,14.2,0.03,4.53
30/12/2021,98.94,22.04,20.22,15.15,26.27,6.66
31/12/2021,99,23.41,21.8,16.57,25.17,7.47
1/1/2022,99.05,23.28,21.43,16.19,5.32,7.41
2/1/2022,98.96,22.61,20.42,15.22,0.21,6.16
3/1/2022,98.92,22.12,19.76,14.61,0,5.18
4/1/2022,98.96,21.22,18.95,13.87,0,5.51
5/1/2022,98.92,21.05,18.44,13.48,0,4.51
6/1/2022,98.84,21.62,19.44,14.36,0,4.43
7/1/2022,98.86,22.26,20.02,14.86,0,3.97
8/1/2022,98.88,22.19,19.79,14.65,0,4.37
9/1/2022,98.74,22.33,19.71,14.6,0,3.13
10/1/2022,98.72,22.73,19.98,14.85,0,3.16
11/1/2022,98.71,23.13,20.48,15.32,0,3.56
12/1/2022,98.66,23.22,20.32,15.19,0.05,3.07
13/01/2022,98.59,23.74,21.08,15.92,0.15,3.3
14/01/2022,98.56,24.15,21.6,16.44,0.13,3.18
15/01/2022,98.67,24.13,21.5,16.32,0.1,3.39
16/01/2022,98.85,23.4,21.13,15.92,1.3,5.42
17/01/2022,99.01,22.87,20.41,15.2,2.95,5.86
18/01/2022,98.95,22.01,19.61,14.47,0.43,4.8
19/01/2022,98.78,21.71,18.09,13.18,0,3.89
20/01/2022,98.59,21.64,17.34,12.59,0,2.7
21/01/2022,98.57,22.18,18.59,13.65,0,3.44
22/01/2022,98.39,23.24,19.22,14.22,0,4.08
23/01/2022,98.4,23.65,20.85,15.73,0.41,4.1
24/01/2022,98.39,23.43,20.23,15.16,1.46,3.71
25/01/2022,98.43,23.37,20.6,15.47,0.35,3.71
26/01/2022,98.5,23.18,20.16,15.04,0.22,3.24
27/01/2022,98.59,22.78,19.41,14.33,0.12,4.24
28/01/2022,98.75,22.25,19.64,14.54,0.15,6.07
29/01/2022,98.82,22.56,19.71,14.59,0,6.51
30/01/2022,98.7,22.78,20.07,14.94,0,4.14
31/01/2022,98.62,23.75,20.35,15.2,0,3.1
1/2/2022,98.59,22.61,18.67,13.69,0,2.77
2/2/2022,98.65,21.64,17.07,12.37,0,3.03
3/2/2022,98.58,21.63,17.34,12.61,0,3.48
4/2/2022,98.41,23.39,19.37,14.36,0,4.09
5/2/2022,98.54,23.91,20.83,15.68,0,4.17
6/2/2022,98.81,23.46,19.92,14.77,0,4.4
7/2/2022,98.83,22.59,18.48,13.49,0,4.15
8/2/2022,98.72,22.14,18.06,13.15,0,4.3
9/2/2022,98.71,21.73,17.7,12.85,0,4.74
10/2/2022,98.67,21.51,16.54,12.03,0,5.29
11/2/2022,98.68,22.49,18.25,13.33,0.17,5.87
12/2/2022,98.63,23.22,18.77,13.78,0.1,5.78
13/02/2022,98.54,22.77,18.68,13.73,0,5.02
14/02/2022,98.55,23.2,18.49,13.54,0.01,4.79
15/02/2022,98.53,22.6,17.16,12.44,0.02,4.86
16/02/2022,98.34,23,16.73,12.15,0,4.36
17/02/2022,98.27,23.18,17.34,12.65,0,4.06
18/02/2022,98.45,23.33,18.36,13.45,0,4.35
19/02/2022,98.67,23.68,18.31,13.39,0,4.41
20/02/2022,98.55,24.63,18.11,13.31,0,3.37
21/02/2022,98.39,25.51,18.52,13.69,0,4.08
22/02/2022,98.59,25.67,19.53,14.55,0,3.99
23/02/2022,98.87,24.82,18.74,13.84,0,4.61
24/02/2022,98.94,24.08,17.29,12.59,0,3.7
25/02/2022,98.87,23.04,15.86,11.55,0,4.43
26/02/2022,98.87,23.74,18.24,13.32,0,4.33
27/02/2022,98.86,24.56,18.17,13.27,0,4.89
28/02/2022,98.8,24.51,16.71,12.15,0,4.14
1/3/2022,98.79,24.88,15.5,11.41,0,4.49
2/3/2022,98.75,24.31,15.09,11.02,0,4.8
3/3/2022,98.7,24.3,17.43,12.74,0,5.73
4/3/2022,98.66,25.37,18.23,13.39,0.02,6.89
5/3/2022,98.6,25.33,18.77,13.78,0,6.19
6/3/2022,98.55,25.44,18.31,13.42,0.58,6.57
7/3/2022,98.62,25.07,18.48,13.66,0.24,4.89
8/3/2022,98.59,26.49,18.02,13.29,0.01,3.52
9/3/2022,98.52,26.61,16.02,11.8,0,3.93
10/3/2022,98.5,26.25,15.77,11.54,0,4.24
11/3/2022,98.47,26.02,14.73,10.89,0,4.31
12/3/2022,98.39,26.37,13.3,9.95,0,4.39
13/03/2022,98.45,26.81,14.67,10.83,0,4.19
14/03/2022,98.45,27.57,15.39,11.34,0,4.02
15/03/2022,98.31,27.64,14.71,10.93,0,4.15
16/03/2022,98.21,28.02,12.95,9.88,0,4.9
17/03/2022,98.18,28.74,13.21,10.05,0,4.83
18/03/2022,98.15,28.53,15.73,11.96,0,4.38
19/03/2022,98.1,29.21,17.92,13.62,0,3.5
20/03/2022,98.04,30.95,19.44,14.68,0.01,2
21/03/2022,98.09,31.32,19.3,14.42,1.41,4.35
22/03/2022,98.14,30.37,19.44,14.62,3.59,3.93
23/03/2022,98.15,30.22,21.34,16.37,0.01,3.71
24/03/2022,98.18,30.03,21.04,16.11,0,3.74
25/03/2022,98.28,29.81,20.86,15.88,0,3.81
26/03/2022,98.47,29.84,20.43,15.44,0,3.72
27/03/2022,98.48,30.25,20.72,15.72,0,4.3
28/03/2022,98.44,30.67,20.9,15.94,0,5
29/03/2022,98.3,30.67,20.4,15.54,0,4.77
30/03/2022,98.25,31.12,19.4,14.82,0,5.03
31/03/2022,98.29,30.99,20.41,15.64,0,4.69
1/4/2022,98.35,30.15,20.98,16.04,0,5.27
2/4/2022,98.45,30.47,19.79,15.15,0,4.57
3/4/2022,98.4,30.28,19.8,15.03,0,4.83
4/4/2022,98.48,30.08,19.68,14.9,0,4.8
5/4/2022,98.64,30.11,17.57,13.26,0,4.27
6/4/2022,98.63,29.68,18.62,14,0.26,3.82
7/4/2022,98.51,30.03,19.15,14.39,1.12,4.34
8/4/2022,98.44,30.13,20.24,15.21,0.53,3.51
9/4/2022,98.35,29.7,20.21,15.24,0.2,3.4
10/4/2022,98.29,29.92,19.38,14.61,0.54,3.84
11/4/2022,98.21,29.82,19.92,15.04,0.11,3.47
12/4/2022,98.15,29.6,21.19,16.22,0.01,3.33
13/04/2022,98.12,29.31,22.22,17.18,0.48,2.93
14/04/2022,98.15,30.5,20.08,15.24,0.34,3.89
15/04/2022,98.05,32.34,18.73,14.04,0.01,4.28
16/04/2022,97.93,32.74,20.09,15.47,0.18,4.12
17/04/2022,98.04,32.25,20.61,15.97,3.48,3.23
18/04/2022,98.24,30.79,21.23,16.27,1.31,3.9
19/04/2022,98.36,31.14,20.55,15.67,0.3,3.46
20/04/2022,98.23,31.48,20.12,15.31,0.03,3.81
21/04/2022,98.21,30.29,21.82,16.91,0,4.87
22/04/2022,98.32,31.1,20.47,15.57,0,4.43
23/04/2022,98.37,29.98,20.67,15.7,0.06,4.05
24/04/2022,98.2,32.32,17.47,13.21,0.02,4.16
25/04/2022,98.12,31.88,18.79,14.2,0,4.68
26/04/2022,98.17,31.79,19.56,14.85,0,4.66
27/04/2022,98.17,31.98,20.07,15.37,0,4.72
28/04/2022,98.23,31.94,20.55,15.7,0,4.79
29/04/2022,98.2,32.51,20.01,15.38,0,4.59
30/04/2022,98.01,33.43,19.13,14.73,0,4.17
1/5/2022,97.92,32.91,20.34,15.78,0.98,4.07
2/5/2022,97.89,32.75,20.14,15.58,1.02,3.4
3/5/2022,98.02,31.41,22.14,17.24,0.6,3.74
4/5/2022,98.15,30.86,22.68,17.73,1.34,3.56
5/5/2022,98.08,31.36,21.1,16.21,2.17,3.44
6/5/2022,98.04,31.33,19.8,15.03,3.97,4.59
7/5/2022,97.95,30.93,21.23,16.32,9.92,3.8
8/5/2022,97.79,31.49,21.24,16.43,0.03,4.19
9/5/2022,97.65,30.37,21.77,16.86,0.47,3.5
10/5/2022,97.54,29.28,20.81,15.94,11.98,7.27
11/5/2022,97.57,29.73,21.05,16.12,6.96,9.13
12/5/2022,97.77,28.88,22.31,17.4,6.96,7.53
13/05/2022,97.79,27.93,22.59,17.63,0.52,4.63
14/05/2022,97.82,30.03,22.95,18.03,0.51,4.37
15/05/2022,97.92,27.53,24.36,19.6,13.82,4.4
16/05/2022,97.91,28.63,24.29,19.52,13.03,3.93
17/05/2022,97.86,28.27,23.39,18.57,12.77,3.05
18/05/2022,97.85,28.35,23.79,18.98,4.54,2.86
19/05/2022,97.91,27.88,23.24,18.32,1.02,5.51
20/05/2022,98.06,26.85,20.76,15.76,0.19,7.05
21/05/2022,97.91,29.44,20.47,15.45,0,7.77
22/05/2022,97.75,30.44,20.9,15.91,0,7.72
23/05/2022,97.69,31.4,20.86,16,0,5.8
24/05/2022,97.93,32.4,21.29,16.45,0,3.72
25/05/2022,98.14,31.08,22.55,17.57,2.53,3.35
26/05/2022,98.15,30.39,22.57,17.59,3.03,4.32
27/05/2022,98.12,29.77,21.21,16.25,1.48,5.38
28/05/2022,98,30.16,20.27,15.34,0,5.89
29/05/2022,97.96,30.47,20.21,15.26,0,5.06
30/05/2022,97.88,31.15,20.12,15.17,0.32,5.14
31/05/2022,97.85,29.9,20.99,16.02,0.09,5.51
1/6/2022,97.86,29.76,21.11,16.11,0,6.04
2/6/2022,97.86,30.81,20.93,15.99,0,3.79
3/6/2022,97.85,30.91,21.28,16.33,0.02,3.71
4/6/2022,97.98,28.78,19.87,14.95,0.04,4.19
5/6/2022,97.95,30.2,19.3,14.47,2.24,3
6/6/2022,98.02,28.01,22.29,17.28,5.13,3.44
7/6/2022,97.98,29.19,21.91,16.92,2.53,5.9
8/6/2022,97.93,30.43,21.07,16.11,0,4.86
9/6/2022,97.92,29.94,20.83,15.87,0,5.06
10/6/2022,97.93,30.57,20.3,15.36,0,5.36
11/6/2022,98.03,30.13,20.2,15.23,0,3.55
12/6/2022,98.07,29.95,19.44,14.64,2.4,3.82
13/06/2022,98.12,29.78,21.17,16.21,3.38,3.63
14/06/2022,98.07,29.6,22.05,17.1,7.62,3.69
15/06/2022,98.03,28.64,21.92,16.98,10.17,4.59
16/06/2022,98.06,28.02,23.18,18.25,7.39,2.72
17/06/2022,98.06,27.97,22.99,18.03,13.44,3.91
18/06/2022,98.08,27.9,22.5,17.5,4.16,4.02
19/06/2022,98.08,27.85,23.25,18.31,26.61,3.4
20/06/2022,97.97,27.73,22.75,17.78,13.99,4.19
21/06/2022,97.85,27.46,22.54,17.58,20.11,5.34
22/06/2022,98.03,27.06,22.25,17.23,3.71,3.57
23/06/2022,98.09,28.11,22.62,17.62,0.08,3.67
24/06/2022,98.01,27.44,22.29,17.28,1.38,5.75
25/06/2022,97.8,27.18,21.59,16.57,1.33,6.27
26/06/2022,97.86,27.73,21.86,16.87,0,5.55
27/06/2022,98.02,28.34,21.33,16.33,1.26,4.76
28/06/2022,97.99,29.26,21.41,16.42,0.64,4.49
29/06/2022,97.82,29.76,22.2,17.29,8.06,4.1
30/06/2022,97.82,28.73,22.86,17.95,3.23,5.7
1/7/2022,97.82,28.68,22.55,17.61,3.15,6.46
2/7/2022,97.75,28.43,22.35,17.4,1.44,6.6
3/7/2022,97.75,28.64,22.61,17.67,0.55,5.5
4/7/2022,97.77,28.35,21.48,16.48,0.3,7.57
5/7/2022,97.74,27.63,21.81,16.82,6.23,6.5
6/7/2022,97.88,27.44,21.68,16.66,3.02,5.92
7/7/2022,98.06,27.26,21.73,16.68,1.81,6.46
8/7/2022,97.95,27.72,21.14,16.11,2.26,7.76
9/7/2022,97.78,27.89,21.31,16.29,1.85,7.69
10/7/2022,97.82,27.81,21.2,16.18,3.03,7.79
11/7/2022,97.96,27.92,20.88,15.83,1.21,8.59
12/7/2022,97.92,28.12,20.52,15.48,0.79,9.25
13/07/2022,97.71,28.13,20.61,15.6,1.48,10.01
14/07/2022,97.64,28.48,19.62,14.66,0.1,11.18
15/07/2022,97.78,28.86,20.26,15.26,0,8.49
16/07/2022,97.88,28.77,22.22,17.27,9,6.67
17/07/2022,97.96,28.29,22.85,17.89,11.02,5.8
18/07/2022,98.07,27.21,21.96,16.94,3.41,5.22
19/07/2022,98.05,28.54,22.33,17.33,1.22,3.91
20/07/2022,98.06,27.96,23.57,18.67,18.56,3.22
21/07/2022,98.04,27.32,23.25,18.31,5.73,3.41
22/07/2022,98.08,26.06,23.34,18.38,10.51,3.04
23/07/2022,97.98,27.77,22.25,17.25,0.25,4.26
24/07/2022,98,27.58,21.66,16.64,1.69,5.15
25/07/2022,98.1,27.64,21.65,16.61,5.41,4.23
26/07/2022,98.21,25.83,22.58,17.53,6.41,4
27/07/2022,98.16,26.63,22.92,17.91,1.14,3.41
28/07/2022,98.22,26.99,22.9,17.88,0.43,2.56
29/07/2022,98.21,27.21,22.96,17.95,0.76,2.3
30/07/2022,98.06,28.15,22.81,17.84,1.53,3.34
31/07/2022,97.88,27.78,23.64,18.77,9.13,3.14
1/8/2022,97.78,28.33,23.48,18.63,17.06,2.89
2/8/2022,97.69,28.14,23.27,18.41,7.38,3.55
3/8/2022,97.75,26.47,23.14,18.23,20.59,2.3
4/8/2022,97.76,26.2,22.36,17.39,10.97,3.21
5/8/2022,97.79,26.75,22.59,17.61,4.33,7.11
6/8/2022,97.74,26.64,22.54,17.61,2.63,6.99
7/8/2022,97.69,26.72,22.42,17.46,0.19,7.42
8/8/2022,97.63,26.95,22.2,17.23,0.51,8.41
9/8/2022,97.67,27.15,21.43,16.41,0,8.65
10/8/2022,97.71,27.24,20.95,15.94,0,8.5
11/8/2022,97.87,27.78,21.63,16.6,0,7.41
12/8/2022,97.98,28.29,21.79,16.77,0,6.89
13/08/2022,98.04,27.76,21.67,16.65,0.03,6.08
14/08/2022,98.05,28.7,20.83,15.91,0,5.27
15/08/2022,98.18,28.52,21.52,16.52,2.72,4.45
16/08/2022,98.23,27.8,23.19,18.2,6.15,3.62
17/08/2022,98.23,26.5,23.46,18.5,5.14,3.7
18/08/2022,98.12,27.13,22.88,17.9,8.05,3.72
19/08/2022,98.06,26.65,22.74,17.75,3.64,4.72
20/08/2022,98.06,28.01,22.33,17.32,0.05,6.33
21/08/2022,97.99,28.08,22.48,17.53,6.75,6.29
22/08/2022,97.95,27.71,23.03,18.1,8.84,6.42
23/08/2022,97.96,28.21,22.61,17.65,5.92,5.46
24/08/2022,98.14,26.77,22.65,17.63,7.42,4.94
25/08/2022,98.07,26.93,22.96,17.97,10.76,4.29
26/08/2022,98.03,26.04,23.28,18.34,24.71,3.2
27/08/2022,98,26.85,23.49,18.57,10.28,3.01
28/08/2022,97.99,26.88,23.15,18.2,8.55,3.17
29/08/2022,98.11,26.52,23.53,18.59,10.29,1.49
30/08/2022,98.16,26.74,23.35,18.38,0.58,2.86
31/08/2022,98.14,25.86,23.05,18.04,8.49,1.86
1/9/2022,98.13,26.04,22.58,17.56,10.05,2.23
2/9/2022,98.22,26.11,23.06,18.04,4.22,2.54
3/9/2022,98.15,26.91,23.27,18.3,0.13,2.55
4/9/2022,98.1,26.86,24.08,19.24,4.19,2.59
5/9/2022,98.07,27.38,23.96,19.1,0.75,2.93
6/9/2022,98.05,27.17,23.78,18.9,24.29,3.29
7/9/2022,98.09,26.46,23,18.01,2.05,3.11
8/9/2022,98.05,25.69,22.95,17.96,11.77,3.68
9/9/2022,97.96,26.76,23.57,18.69,1.08,4.61
10/9/2022,97.93,26.82,23.39,18.48,0.55,6.36
11/9/2022,97.91,26.35,22.71,17.72,0.08,6.83
12/9/2022,97.93,26.27,22.54,17.55,0,6.75
13/09/2022,98.17,26.99,22.83,17.84,0.02,5.24
14/09/2022,98.37,27.2,23.26,18.26,1.63,3.78
15/09/2022,98.43,25.8,22.68,17.61,1.75,3.87
16/09/2022,98.22,26.95,22.96,17.95,1.92,4.49
17/09/2022,98.18,27.45,23.07,18.08,2.53,3.97
18/09/2022,98.22,27.59,22.84,17.82,0.43,4.54
19/09/2022,98.2,26.55,22.77,17.74,0.9,4.49
20/09/2022,98.17,26.09,20.51,15.46,0.25,6.09
21/09/2022,98.15,26.4,20.44,15.41,0,5.43
22/09/2022,98.2,27.24,21.01,15.96,0,4.76
23/09/2022,98.27,26.67,20.17,15.14,0,5.25
24/09/2022,98.22,27.64,21.59,16.52,0.21,5.27
25/09/2022,98.14,27.52,22.18,17.17,0.58,3.8
26/09/2022,98.18,27.89,23.34,18.41,5.95,2.15
27/09/2022,98.1,27.02,23.31,18.37,12.05,2.79
28/09/2022,98.03,25.54,23.25,18.29,2.94,4.42
29/09/2022,98.01,26.34,22.68,17.69,3.38,4.27
30/09/2022,98.06,25.37,22.48,17.45,3.53,5.29
1/10/2022,98.06,24.57,21.66,16.59,1.52,7.26
2/10/2022,98.05,25.44,21.16,16.1,0.01,6.91
3/10/2022,97.98,26.6,22.01,16.98,0,6.77
4/10/2022,98.01,25.99,22.81,17.81,0.01,4.87
5/10/2022,97.98,24.88,22.93,17.95,12.48,3.72
6/10/2022,98,25.62,22.81,17.82,9.66,2.62
7/10/2022,98.14,26.07,22.3,17.24,1.66,1.92
8/10/2022,98.25,26.05,23.21,18.21,8.9,3.03
9/10/2022,98.3,25.6,23.49,18.51,15.65,4.66
10/10/2022,98.4,25.96,23.68,18.7,9.71,3.78
11/10/2022,98.39,25.9,23.84,18.89,13.02,5.46
12/10/2022,98.41,26.02,23.59,18.59,2.62,3.41
13/10/2022,98.37,26.09,23.35,18.33,3.73,2.84
14/10/2022,98.24,26.49,22.88,17.85,1.71,2.73
15/10/2022,98.15,25.95,23.38,18.42,6.99,3.73
16/10/2022,98.4,25.99,23.59,18.61,6.44,3.51
17/10/2022,98.54,26.31,23.7,18.69,2.32,3.56
18/10/2022,98.5,26.43,23.28,18.24,9.6,2.2
19/10/2022,98.44,26.17,22.89,17.82,11.8,2.61
20/10/2022,98.49,25.3,23.49,18.47,14.35,3.71
21/10/2022,98.62,25.58,23.49,18.44,3.6,4.22
22/10/2022,98.64,25.36,23.57,18.55,0.95,5.96
23/10/2022,98.53,25.41,21.08,15.96,0.14,5.31
24/10/2022,98.41,23.49,16.95,12.33,0,6.55
25/10/2022,98.48,23.86,16.13,11.73,0,4.14
26/10/2022,98.64,23.83,17.52,12.74,0.01,4.03
27/10/2022,98.63,24.07,19.74,14.7,0.93,5.09
28/10/2022,98.5,24.27,22.26,17.14,7.33,6.09
29/10/2022,98.51,24.97,22.14,17,3.02,6
30/10/2022,98.52,24.99,21.9,16.76,0.65,6.04
31/10/2022,98.5,23.75,22.08,16.96,7.64,5.54
1/11/2022,98.62,23.71,22.25,17.11,33.38,4.73
2/11/2022,98.55,23.84,21.89,16.76,16.78,5.61
3/11/2022,98.55,23.76,21.62,16.47,15.59,5.34
4/11/2022,98.71,23.89,21.17,16,2.37,4.18
5/11/2022,98.81,24.62,22.26,17.08,3.18,4.63
6/11/2022,98.83,24.38,21.78,16.59,1.38,5.74
7/11/2022,98.75,24.14,21.5,16.35,3.84,6.02
8/11/2022,98.73,24.52,22.21,17.04,1.94,5.99
9/11/2022,98.68,24.65,21.95,16.78,0.51,5.97
10/11/2022,98.6,24.36,21.97,16.82,1.95,6.69
11/11/2022,98.46,23.86,22.65,17.59,41.16,8
12/11/2022,98.56,24.61,23.18,18.13,29.11,6.02
13/11/2022,98.64,24.1,22.59,17.47,24.78,3.53
14/11/2022,98.7,24.57,22.73,17.61,5.21,4.66
15/11/2022,98.71,24.45,22.1,16.93,5.6,4.93
16/11/2022,98.62,22.83,20.32,15.18,0,4.94
17/11/2022,98.57,21.47,17.6,12.81,0,6.12
18/11/2022,98.63,21.66,18.12,13.25,0,6.4
19/11/2022,98.61,21.48,17.89,13.05,0,6.62
20/11/2022,98.46,20.55,16.05,11.62,0.05,6.77
21/11/2022,98.4,21,19.16,14.16,1.42,7.01
22/11/2022,98.37,23.59,22.14,17.08,7.19,5.79
23/11/2022,98.41,24.91,23.13,18.1,14.09,4.47
24/11/2022,98.54,24.43,22.43,17.31,4.09,3.37
25/11/2022,98.65,24.19,22,16.84,0.72,3.28
26/11/2022,98.55,24.54,21.96,16.82,0.12,2.86
27/11/2022,98.38,24.87,22.22,17.12,0.52,2.46
28/11/2022,98.43,24.41,21.75,16.61,0.09,3.23
29/11/2022,98.56,22.85,19.78,14.69,0,4.51
30/11/2022,98.62,22.44,19.87,14.85,0.78,4.54
1/12/2022,98.56,24.22,22.27,17.15,1.96,4.71
2/12/2022,98.53,24.52,22.33,17.2,0.17,3.9
3/12/2022,98.56,24.45,22.39,17.26,1.63,4.93
4/12/2022,98.64,23.9,22.17,17.01,1.02,5.65
5/12/2022,98.69,24.1,21.72,16.54,0.45,5.33
6/12/2022,98.6,23.45,20.72,15.55,0,5.71
7/12/2022,98.51,21.36,18.84,13.85,0,6.63
8/12/2022,98.32,20.19,16.26,11.8,3.3,8.56
9/12/2022,98,21.46,19.38,14.58,40.09,10.81
10/12/2022,97.79,23.02,21.78,16.77,57.56,9.07
11/12/2022,98.31,23.92,22.33,17.24,10.08,6.34
12/12/2022,98.39,23.5,22.74,17.69,30.89,6.27
13/12/2022,98.6,24.11,22.31,17.16,6.77,4.51
14/12/2022,98.68,23.79,21.93,16.77,0.45,3.84
15/12/2022,98.61,22.55,20.19,15.06,0.04,3.74
16/12/2022,98.54,22.14,19.44,14.41,0,4.16
17/12/2022,98.61,23.08,21.1,15.95,0.01,4.66
18/12/2022,98.57,22.91,20.83,15.68,0.03,6.32
19/12/2022,98.51,21.69,19.18,14.16,0,6.24
20/12/2022,98.47,21.89,19.03,14.03,0,6.19
21/12/2022,98.5,21.46,19.51,14.47,0,6.24
22/12/2022,98.51,21.65,19.48,14.43,0,6.7
23/12/2022,98.45,22.88,20.82,15.73,0,6.69
24/12/2022,98.54,23.59,21.41,16.26,3.21,7.07
25/12/2022,98.58,24.39,22.59,17.47,14.15,6.77
26/12/2022,98.78,24.11,22.16,16.98,2.73,5.09
27/12/2022,98.89,23.75,21.88,16.67,0.64,4.25
28/12/2022,98.99,24.06,21.63,16.4,0.1,3.19
29/12/2022,99.09,23.57,20.83,15.59,0,2.69
30/12/2022,99.15,23.19,19.56,14.39,0,2.52
31/12/2022,99.08,22.54,18.56,13.54,0,2.63
1/1/2023,99.03,22.19,18.64,13.62,0,2.82
2/1/2023,99.01,22.45,19.23,14.12,0,3.26
3/1/2023,99.04,22.27,19.11,14.01,0,3.93
4/1/2023,98.96,22.22,19.1,14.01,0,4.66
5/1/2023,98.99,21.95,18.36,13.37,0,6.28
6/1/2023,99.12,22.29,19.15,14.03,0,7.11
7/1/2023,99.03,22.05,19.54,14.4,0.04,5.98
8/1/2023,98.94,21.92,19.22,14.12,0.05,4.97
9/1/2023,99.06,20.19,16.26,11.7,0,5.2
10/1/2023,99.02,20.14,16.66,12.03,0,4.83
11/1/2023,98.84,20.4,16.76,12.11,0,3.86
12/1/2023,98.72,20.85,16.15,11.67,0,2.74
13/01/2023,98.75,20.93,16.69,12.06,0,2.48
14/01/2023,98.75,20.31,15.65,11.31,0,2.86
15/01/2023,98.7,20.14,15.92,11.51,0,2.7
16/01/2023,98.77,19.91,16.25,11.73,0,3.7
17/01/2023,98.83,20.65,16.88,12.2,0,3.23
18/01/2023,98.96,20.97,16.75,12.09,0,3.83
19/01/2023,98.94,21.17,16.53,11.91,0,3.64
20/01/2023,98.89,22.06,18.55,13.56,0.01,4.17
21/01/2023,98.82,22.22,18.49,13.5,0.01,5.27
22/01/2023,98.76,21.56,18.08,13.17,0,4.81
23/01/2023,98.68,22.59,19.27,14.21,0,5.13
24/01/2023,98.72,22.88,18.73,13.73,0,4.24
25/01/2023,98.71,21.62,17.32,12.55,0,4.02
26/01/2023,98.7,21.92,17.57,12.76,0,4.26
27/01/2023,98.72,21.46,17.09,12.37,0,4.63
28/01/2023,98.65,21.51,17.42,12.67,0,5.02
29/01/2023,98.56,22.57,19.12,14.1,0.11,5.52
30/01/2023,98.62,23.74,20.68,15.52,1.04,5.5
31/01/2023,98.59,23.54,20.09,14.98,0.23,5.8
1/2/2023,98.58,23.85,19.02,14.03,0.27,6.68
2/2/2023,98.63,23.98,19.3,14.27,0.13,6.35
3/2/2023,98.67,24.5,19.93,14.82,0.26,5.96
4/2/2023,98.63,24.06,18.53,13.63,0.17,5.62
5/2/2023,98.58,23.76,17.37,12.65,0,4.61
6/2/2023,98.62,23.66,16.67,12.14,0,3.95
7/2/2023,98.59,23.41,16.98,12.38,0,2.96
8/2/2023,98.62,23.85,16.98,12.37,0,3.65
9/2/2023,98.68,23.94,17.36,12.66,0,3.55
10/2/2023,98.75,24.22,16.84,12.23,0,3.8
11/2/2023,98.76,23.97,15.55,11.35,0,3.46
12/2/2023,98.78,24.35,14.93,10.87,0,3.78
13/02/2023,98.81,24.25,13.64,10.05,0,4.14
14/02/2023,98.76,23.96,15.44,11.27,0,3.81
15/02/2023,98.63,23.87,15.93,11.62,0,4.24
16/02/2023,98.69,23.65,16.64,12.11,0,3.57
17/02/2023,98.76,23.57,16.79,12.21,0,3.64
18/02/2023,98.78,24.02,16.35,11.93,0,3.73
19/02/2023,98.79,24.51,16.15,11.83,0,3.57
20/02/2023,98.75,24.64,15.37,11.21,0,3.41
21/02/2023,98.77,24.71,15.42,11.19,0,3.92
22/02/2023,98.74,24.62,15.45,11.23,0,4.1
23/02/2023,98.76,23.81,15.28,11.18,0,3.93
24/02/2023,98.79,24.34,13.41,10.12,0,3.55
25/02/2023,98.93,24.76,13.46,10.02,0,4.03
26/02/2023,99.03,24.41,14.13,10.44,0,4.41
27/02/2023,99.03,24.27,14.32,10.56,0,4
28/02/2023,99.03,24.73,17.21,12.53,0,4.44
1/3/2023,99.03,25.79,17.85,13.15,0,5.26
2/3/2023,99.09,24.6,14.96,11.01,0,5.06
3/3/2023,99.13,24.72,15.14,11.06,0,5.12
4/3/2023,99.09,25.16,14.63,10.9,0,5.28
5/3/2023,99.03,25.39,15.36,11.31,0,5.15
6/3/2023,98.87,25.39,15.1,11.1,0,4.58
7/3/2023,98.85,25.4,15.99,11.72,0,4.03
8/3/2023,98.83,25.74,15.91,11.67,0,5.13
9/3/2023,98.78,26.13,16.27,11.93,0,4.86
10/3/2023,98.74,26.17,17.14,12.58,0,5
11/3/2023,98.73,26.07,17.24,12.7,0,5.12
12/3/2023,98.74,26.81,18.14,13.32,0,4.75
13/03/2023,98.6,27.49,16.68,12.31,0,4.4
14/03/2023,98.46,27.69,16.3,12.15,0,4.04
15/03/2023,98.39,28.13,19.07,14.23,0,4.31
16/03/2023,98.47,28.37,19.48,14.59,0.23,4.59
17/03/2023,98.51,27.51,20.99,15.93,10.65,3.93
18/03/2023,98.41,27.07,21.72,16.63,13.62,4.78
19/03/2023,98.3,26.7,21.95,16.89,18.34,4.22
20/03/2023,98.23,27.07,21.54,16.49,5.04,3.68
21/03/2023,98.23,28.13,20.27,15.44,0.27,3.44
22/03/2023,98.26,28.91,21.1,16.11,0.08,4.77
23/03/2023,98.28,28.76,21.64,16.62,1.8,4.3
24/03/2023,98.34,28.54,21.34,16.3,3.05,4.85
25/03/2023,98.45,28.79,21.18,16.14,0.17,4.53
26/03/2023,98.42,28.77,21.82,16.75,0.44,3.34
27/03/2023,98.35,29.61,21.54,16.49,0.44,3.63
28/03/2023,98.38,29.36,21.68,16.63,0.09,4.33
29/03/2023,98.47,29.05,19.97,15.09,0.09,4.5
30/03/2023,98.4,28.81,19.26,14.48,0.07,4.15
31/03/2023,98.31,29.46,18.84,14.18,0.02,4.66
1/4/2023,98.34,29.58,20.55,15.59,0,4.36
2/4/2023,98.26,29.44,21.55,16.51,3.1,4.49
3/4/2023,98.27,29.34,21.5,16.52,0.3,5.02
4/4/2023,98.38,29.1,21.64,16.58,0.04,4
5/4/2023,98.37,28.65,21.39,16.36,0.06,4.32
6/4/2023,98.41,29.44,19.91,15.13,0.05,3.86
7/4/2023,98.6,29.47,19.85,14.91,0,4.25
8/4/2023,98.78,28.96,18.64,13.84,0,4.22
9/4/2023,98.77,28.96,18.73,13.89,0,3.87
10/4/2023,98.63,29.21,17.71,13.22,0,3.72
11/4/2023,98.59,29.46,14.51,11.13,0,3.68
12/4/2023,98.54,29.92,13.84,10.57,0,3.8
13/04/2023,98.46,31.4,12.76,9.6,0,4.22
14/04/2023,98.44,31.09,13.57,10.33,0,4.87
15/04/2023,98.37,31.68,14.1,10.6,0,4.55
16/04/2023,98.25,30.24,15.52,11.53,0,4.41
17/04/2023,98.29,31.54,14.42,10.93,0,5.3
18/04/2023,98.42,31.11,15.45,11.6,0,4.32
19/04/2023,98.18,31.29,15.49,11.85,0,4.43
20/04/2023,97.97,32.26,19.23,14.7,0,4.92
21/04/2023,97.93,33.23,19.45,14.84,0.03,4.38
22/04/2023,98.01,32.66,20.16,15.43,0.99,3.71
23/04/2023,98.06,32.21,20.6,15.76,5.11,4.98
24/04/2023,98.25,30.54,21.72,16.8,3.39,5.51
25/04/2023,98.35,29.8,21.89,16.91,1.17,4.55
26/04/2023,98.31,30.36,20.09,15.22,0.01,3.75
27/04/2023,98.35,30.61,20.22,15.28,0.04,3.94
28/04/2023,98.39,30.85,20.26,15.41,0.28,4.56
29/04/2023,98.32,30.5,21.54,16.51,2.3,4.22
30/04/2023,98.2,30.48,20.46,15.55,0.22,4.49
1/5/2023,98.22,28.5,22.2,17.19,11.93,3.29
2/5/2023,98.28,27.62,23.22,18.25,9.77,2.55
3/5/2023,98.31,26.4,23.73,18.78,1.93,3.15
4/5/2023,98.25,28.85,22.31,17.3,2.74,3.05
5/5/2023,98.18,27.55,22.89,17.92,21.59,2.41
6/5/2023,98.12,28.58,22.35,17.34,3.1,2.66
7/5/2023,98.13,28.12,22.99,18.02,12.41,3.8
8/5/2023,98.11,28.25,23.25,18.3,10.85,3.07
9/5/2023,98.12,29.26,22.3,17.28,0.01,4.13
10/5/2023,98.09,29.21,22.25,17.31,0,3.74
11/5/2023,98.14,30,21.32,16.46,0,3.76
12/5/2023,98.07,31.74,21.22,16.35,0.03,4
13/05/2023,98.03,32.62,21.2,16.25,0,5.58
14/05/2023,97.93,33.72,21.2,16.35,0,6.46
15/05/2023,98,33.81,22.18,17.26,2.78,4.69
16/05/2023,98.12,33.91,20.39,15.64,0.19,4.37
17/05/2023,98.23,33.67,21.4,16.75,0.1,4.78
18/05/2023,98.38,32.4,22.43,17.51,0.12,3.42
19/05/2023,98.27,31.79,22.58,17.65,0.13,4.24
20/05/2023,98.21,32.06,21.82,16.86,0.04,4.07
21/05/2023,98.3,30.86,22.81,17.88,0.16,3.86
22/05/2023,98.37,30.93,22.77,17.85,0.03,3.67
23/05/2023,98.41,31.55,21.45,16.56,0,4.2
24/05/2023,98.31,32.96,20.85,15.88,0.04,4.42
25/05/2023,98.34,32.31,20.18,15.17,0.56,5.22
26/05/2023,98.32,33.03,20.33,15.36,0.5,4.46
27/05/2023,98.17,33.3,20.63,15.72,3.03,4.12
28/05/2023,98.12,31.94,21.65,16.67,1.51,4.31
29/05/2023,98.13,33.17,21.12,16.16,0,4.39
30/05/2023,98.26,31.35,22.54,17.63,6.44,3.45
31/05/2023,98.24,30.42,23.37,18.46,2.44,1.98
1/6/2023,98.07,32.59,21.5,16.58,3.79,3.39
2/6/2023,98.07,32.37,21.21,16.26,0.71,4.53
3/6/2023,98,33.71,20.89,15.97,0,5.37
4/6/2023,98.02,33.08,20.72,15.72,0,5.03
5/6/2023,98.03,31.07,22.03,17.02,2.01,5.63
6/6/2023,97.94,31.79,21.36,16.35,0.54,6.08
7/6/2023,98.03,28.38,22.78,17.78,2.41,4.69
8/6/2023,98.02,31.18,21.32,16.35,0.02,5.33
9/6/2023,97.91,30.16,22.52,17.54,13.65,4.45
10/6/2023,97.88,30.96,20.76,15.88,4.29,6.26
11/6/2023,97.86,31.78,19.88,15.02,0,6.53
12/6/2023,97.87,31.04,21.78,16.83,5.14,6.65
13/06/2023,97.91,31.45,22.01,17.11,2.54,4.64
14/06/2023,98.08,30.52,22.17,17.16,1.21,5.34
15/06/2023,98.08,31.19,21.46,16.46,0,4.44
16/06/2023,97.97,32.13,21.69,16.75,0.3,4.38
17/06/2023,98.08,28.6,21.93,16.9,0.44,5.62
18/06/2023,98.06,27.7,22.28,17.27,22.74,6.56
19/06/2023,97.98,28.72,23.05,18.13,20.59,6.34
20/06/2023,97.95,28.8,22.91,17.98,18.22,5.73
21/06/2023,98.08,27.38,22.86,17.87,5.77,3.71
22/06/2023,98.05,28.07,22.65,17.7,11.04,3.34
23/06/2023,98.01,29.01,22.36,17.42,5.16,3.55
24/06/2023,98,28.16,22.25,17.27,1.56,5.22
25/06/2023,98.04,27.72,22.99,18.03,0.16,4.13
26/06/2023,98,29.18,21.13,16.22,0.09,4.7
27/06/2023,98.04,29.59,20.55,15.6,0.35,4.86
28/06/2023,98.14,29.53,19.73,14.83,0.09,5.31
29/06/2023,98.2,29.12,21.04,16.07,7.92,5.38
30/06/2023,98.13,29.94,20.68,15.79,0.42,5.94
1/7/2023,98.21,29.24,21.55,16.55,3.24,5.35
2/7/2023,98.22,26.61,21.82,16.77,2.58,5.11
3/7/2023,98.03,27.28,22.79,17.82,2.54,4.76
4/7/2023,97.86,27.11,22.76,17.8,5.51,5.15
5/7/2023,97.74,28.18,20.4,15.45,0.65,7.53
6/7/2023,97.93,28.03,20.64,15.6,0,7.65
7/7/2023,98.15,28.3,20.99,15.92,0.45,5.83
8/7/2023,98.24,28.61,21.49,16.47,1.77,5.57
9/7/2023,98.17,29.18,21.77,16.77,2.4,4.52
10/7/2023,98.13,28.61,22.24,17.29,8.25,3.74
11/7/2023,98.11,27.76,21.95,16.91,3.1,6.13
12/7/2023,98.07,28.15,21.08,16.13,20.61,4.58
13/07/2023,98.08,28.53,21.35,16.36,14.4,6.04
14/07/2023,98.15,28.94,21.89,16.83,0.05,6.35
15/07/2023,98.14,28.6,20.95,15.91,0.01,6.68
16/07/2023,98.09,29.46,22.03,17.03,0.05,5.06
17/07/2023,98.03,29.32,21.92,16.9,0.07,6.75
18/07/2023,97.93,29.53,21.36,16.33,0,8.22
19/07/2023,97.82,29.1,20.87,15.84,0.69,8.47
20/07/2023,97.79,29.03,20.68,15.67,0.04,9.08
21/07/2023,97.88,29.02,21.46,16.43,0,8.29
22/07/2023,98,28.98,21.47,16.45,6.4,8.01
23/07/2023,98.09,28.33,22.1,17.08,1.7,6.6
24/07/2023,98.04,27.05,22.46,17.44,6.54,6.48
25/07/2023,98.09,26.34,22,16.95,7.27,6.39
26/07/2023,98.13,27.49,22,16.94,3.66,8.27
27/07/2023,98.14,27.99,20.47,15.4,0.04,9.38
28/07/2023,98.08,29.52,20.63,15.57,0,8.44
29/07/2023,98.06,30.35,20.53,15.48,0,9.12
30/07/2023,98.01,30.68,20.95,15.96,0.13,7.88
31/07/2023,97.99,30.72,21.94,16.98,0.04,5.59
1/8/2023,98.01,30.92,20.92,15.89,0,8.05
2/8/2023,98.08,30.58,20.26,15.25,0,8.03
3/8/2023,98.1,30.55,21.29,16.27,0.12,6.64
4/8/2023,98.25,30.45,21.69,16.69,0.75,5.39
5/8/2023,98.37,30.9,21.25,16.24,0.04,4.84
6/8/2023,98.25,30.71,21.57,16.58,0.16,4.77
7/8/2023,98.09,30.61,21.4,16.48,0.58,4.15
8/8/2023,98.15,30.6,20.76,15.85,0.07,3.45
9/8/2023,98.32,29.94,21.94,16.95,2.5,3.5
10/8/2023,98.37,28.88,22.85,17.83,8.69,3.09
11/8/2023,98.33,28.79,22.55,17.52,3.42,3.3
12/8/2023,98.26,29.73,22.27,17.27,2.97,3.81
13/08/2023,98.21,29.28,22.32,17.3,7.47,3.81
14/08/2023,98.27,28.58,22.93,17.94,14.46,3.34
15/08/2023,98.26,28.5,22.14,17.14,7.35,3.76
16/08/2023,98.29,29.32,22.52,17.52,5.07,3.37
17/08/2023,98.22,28.68,23.42,18.51,11.75,3.93
18/08/2023,98.08,29.51,21.54,16.55,0.57,5.43
19/08/2023,98.04,29.56,21.27,16.28,2.46,5.79
20/08/2023,98.01,30.21,21.61,16.64,0.17,4.31
21/08/2023,98.03,30.13,22.03,17.09,0.13,3.65
22/08/2023,98.12,29.24,23.06,18.14,5.74,3.01
23/08/2023,98.15,27.83,23.23,18.28,12.18,4.11
24/08/2023,98.11,27.67,23.33,18.38,9.75,3.84
25/08/2023,98.16,27.91,22.99,18.02,0,3.58
26/08/2023,98.25,28.42,23.29,18.33,7.04,3.12
27/08/2023,98.3,28.28,23.14,18.17,14.53,3.08
28/08/2023,98.22,28.51,22.14,17.14,1.98,4.3
29/08/2023,98.17,27.97,22.63,17.66,4.18,3.7
30/08/2023,98.18,28.02,23.46,18.51,7.38,3.9
31/08/2023,98.2,27.67,23.89,19.01,4.54,2.3
1/9/2023,98.17,28.66,23.33,18.37,4,4.62
2/9/2023,98.19,26.72,23.75,18.83,12.41,4.38
3/9/2023,98.08,26.79,23.18,18.22,21.97,3.61
4/9/2023,97.9,26.53,21.86,16.86,1.59,6.5
5/9/2023,97.89,27.1,21.7,16.74,1.53,6.98
6/9/2023,98.01,27.4,22.69,17.7,4.18,5.67
7/9/2023,98.05,27.57,22.15,17.13,14.9,6.43
8/9/2023,98.14,27.38,21.72,16.65,0.59,6.41
9/9/2023,98.08,27.3,21.87,16.85,0.21,5.77
10/9/2023,98.08,26.49,22.3,17.26,0.01,4.91
11/9/2023,98.09,27.81,21.97,16.96,0.14,4.55
12/9/2023,98.13,28.39,22.17,17.16,1.58,4.7
13/09/2023,98.1,28.67,22.13,17.21,1.9,4.01
14/09/2023,98.09,28.84,22.09,17.11,1.84,5.15
15/09/2023,98.16,28.31,21.7,16.65,0.98,6.11
16/09/2023,98.21,27.43,23.07,18.1,35.28,4.67
17/09/2023,98.11,27.88,23.5,18.59,10.62,3.75
18/09/2023,98.1,27.67,23.24,18.3,7.81,3.99
19/09/2023,98.24,27.36,23.2,18.23,5.85,4.16
20/09/2023,98.28,27.14,23.25,18.26,6.6,3.7
21/09/2023,98.35,25.95,23.28,18.26,11.59,3.58
22/09/2023,98.29,27.28,23.37,18.41,0.47,4.09
23/09/2023,98.24,27.71,24.49,19.7,3.14,2.63
24/09/2023,98.23,27.05,24.06,19.18,23.74,4.32
25/09/2023,98.2,25.94,23.73,18.8,14.76,3.67
26/09/2023,98.18,26.34,23.57,18.63,14.04,4.28
27/09/2023,98.17,26.94,23.22,18.25,8.02,3.41
28/09/2023,98.15,26.86,23.16,18.19,9.15,4.78
29/09/2023,98.17,26.49,23.57,18.63,6.27,5.32
30/09/2023,98.26,26.33,22.57,17.52,10.63,4.87
1/10/2023,98.17,26.35,22.5,17.5,0.81,6.81
2/10/2023,98.19,26.58,22.52,17.49,0.1,6.92
3/10/2023,98.28,27.91,22.55,17.5,0.13,4.28
4/10/2023,98.32,28.06,23.36,18.37,3.17,3.28
5/10/2023,98.29,28.17,23.8,18.88,2.82,3.01
6/10/2023,98.26,27.66,23.79,18.86,0.9,3.05
7/10/2023,98.29,27.87,23.59,18.65,0.33,3.67
8/10/2023,98.45,27.34,24.33,19.45,0.17,3.16
9/10/2023,98.56,27.18,24.29,19.38,1.42,2.99
10/10/2023,98.52,27.21,24.13,19.21,6.53,2.75
11/10/2023,98.51,26.84,23.53,18.53,5.83,2.91
12/10/2023,98.63,25.99,22.28,17.15,0.03,3.62
13/10/2023,98.74,24.99,21.29,16.13,0.18,3.33
14/10/2023,98.7,25.91,22.69,17.56,1.77,3.08
15/10/2023,98.54,26.34,22.98,17.92,1.85,2.54
16/10/2023,98.57,26.29,23.41,18.37,2.94,3.6
17/10/2023,98.64,26.27,22.84,17.72,0.07,4.02
18/10/2023,98.73,25.78,21.9,16.72,0,3.9
19/10/2023,98.71,25.78,21.69,16.52,0,3.95
20/10/2023,98.7,26,22.31,17.15,0.16,3.62
21/10/2023,98.7,26.18,22.77,17.66,3.66,4.67
22/10/2023,98.69,26.63,22.62,17.5,0.08,4.99
23/10/2023,98.6,26.15,18.5,13.72,0,3.81
24/10/2023,98.62,25.26,18.95,14,0,2.86
25/10/2023,98.7,26.01,20.38,15.28,0,3.13
26/10/2023,98.73,25.86,20.97,15.83,0,3.88
27/10/2023,98.63,26.08,21.98,16.83,0.01,4
28/10/2023,98.63,26.48,22.26,17.12,0.92,3.42
29/10/2023,98.62,26.04,23.03,17.95,5.31,3.75
30/10/2023,98.63,25.04,22.83,17.71,8.88,3.39
31/10/2023,98.68,25.38,22.45,17.31,1.58,4.31
1/11/2023,98.65,26.24,23.17,18.11,2.09,5.62
2/11/2023,98.57,26.76,23.03,17.96,1.92,4.23
3/11/2023,98.48,25.34,23.66,18.67,11.57,3.82
4/11/2023,98.47,25.58,23.34,18.31,19.76,3.91
5/11/2023,98.62,25.52,23.02,17.92,10.06,2.75
6/11/2023,98.71,26.07,22.99,17.88,7.53,2.27
7/11/2023,98.68,25.75,23.32,18.24,4.25,4.04
8/11/2023,98.67,25.51,23.22,18.13,3.15,3.57
9/11/2023,98.74,25.11,22.62,17.48,6.56,3.35
10/11/2023,98.85,25.32,22.74,17.59,1.6,4.91
11/11/2023,98.88,24.73,21.1,15.88,0.01,5.72
12/11/2023,98.86,24.89,20.84,15.64,0,6.31
13/11/2023,98.79,25.27,21.99,16.81,3.51,6.71
14/11/2023,98.71,24.21,22.36,17.21,22.57,6.48
15/11/2023,98.6,24.24,22.25,17.13,4.54,6.72
16/11/2023,98.64,25.28,21.81,16.68,0.11,4.92
17/11/2023,98.67,25.27,21.95,16.8,0.23,4.91
18/11/2023,98.69,25.38,22.48,17.33,0.31,5.97
19/11/2023,98.7,25.37,22.62,17.49,0.05,6.07
20/11/2023,98.64,24.94,22.94,17.85,6.59,6.79
21/11/2023,98.57,25.92,23.4,18.36,8.4,4.45
22/11/2023,98.59,25.28,23.23,18.16,12.43,4.17
23/11/2023,98.5,25.69,23.17,18.11,6.87,2.53
24/11/2023,98.54,25.39,23.67,18.67,9.49,4.54
25/11/2023,98.69,25.35,23.26,18.18,10.24,6.08
26/11/2023,98.78,24.91,22.78,17.65,6.63,6.21
27/11/2023,98.68,25.07,23.03,17.93,14.1,5.25
28/11/2023,98.55,25.25,23.15,18.09,7.96,5.29
29/11/2023,98.59,24.81,22.95,17.86,24.5,5.02
30/11/2023,98.65,24.5,22.59,17.46,12.3,4.66
1/12/2023,98.55,24.74,22.7,17.59,3.02,5.87
2/12/2023,98.4,24.5,22.9,17.86,33.91,7.74
3/12/2023,98.26,24.62,23.45,18.49,45.02,8.92
4/12/2023,97.88,23.83,21.71,16.67,90.14,13.75
5/12/2023,98.03,25.51,22.11,17.1,3.69,6.51
6/12/2023,98.38,25.97,23.34,18.36,0.68,3.15
7/12/2023,98.5,25.95,23.9,18.94,2.17,3.6
8/12/2023,98.6,25.32,23.24,18.18,0.32,4.96
9/12/2023,98.72,24.41,22.25,17.08,0.13,5.65
10/12/2023,98.7,23.61,21.18,16,0.01,5.16
11/12/2023,98.72,23.05,20.6,15.44,0,5.28
12/12/2023,98.65,22.29,19.62,14.53,0.02,5.11
13/12/2023,98.72,21.63,18.8,13.8,0,5.79
14/12/2023,98.84,21.97,19.19,14.14,0,6.43
15/12/2023,98.81,23.32,21.55,16.4,3.31,6.62
16/12/2023,98.71,24.36,22.57,17.43,1.71,6.84
17/12/2023,98.75,23.63,21.51,16.31,0.19,6.46
18/12/2023,98.85,23.35,20.85,15.64,0.03,6.86
19/12/2023,98.9,22.81,20.21,15.03,0,6.61
20/12/2023,98.9,22.56,20.3,15.12,0,6.46
21/12/2023,98.88,22.73,20.62,15.43,0,5.62
22/12/2023,98.87,22.08,19.54,14.42,0,4.8
23/12/2023,98.97,20.62,18.16,13.21,0,4.39
24/12/2023,99.05,22.28,20.01,14.91,0,6.08
25/12/2023,98.99,23.24,21.06,15.84,0.02,6.36
26/12/2023,99,22.06,19.77,14.61,0,5.67
27/12/2023,99.03,22.02,19.26,14.14,0,6.09
28/12/2023,98.94,23.03,20.65,15.47,0.06,6.19
29/12/2023,98.96,23.41,20.94,15.72,0.14,6.25
30/12/2023,98.93,22.28,19.48,14.35,0.01,5.46
31/12/2023,98.9,22.05,18.95,13.89,0,4.73
1/1/2024,98.9,22.13,18.8,13.77,0,4.55
2/1/2024,98.83,21.89,18.65,13.65,0,4.93
3/1/2024,98.77,22.64,19.86,14.72,0.09,5.24
4/1/2024,98.76,22.96,20.21,15.07,1.12,4.85
5/1/2024,98.74,23.4,20.05,14.9,0.45,5.24
6/1/2024,98.76,23.35,19.96,14.82,0.48,6
7/1/2024,98.78,22.89,20.93,15.75,22.76,7.39
8/1/2024,98.86,23.62,21.28,16.07,9.32,7.11
9/1/2024,98.88,23.38,20.54,15.34,0.6,6.48
10/1/2024,98.86,22.73,19.86,14.71,0,5.57
11/1/2024,98.88,22.48,19.54,14.42,0,5.52
12/1/2024,98.88,23.25,20.47,15.28,0,5.19
13/01/2024,98.92,23.09,20.61,15.4,0,4.51
14/01/2024,98.85,22.79,19.35,14.27,0,4.05
15/01/2024,98.83,22.81,19.27,14.19,0,3.53
16/01/2024,98.72,22.37,18.45,13.48,0,3.09
17/01/2024,98.65,22.59,18.19,13.31,0,2.8
18/01/2024,98.72,23.03,18.56,13.58,0,2.99
19/01/2024,98.75,23.6,19.63,14.55,0,3.91
20/01/2024,98.85,23.61,19.83,14.7,0,4.76
21/01/2024,98.88,23.19,18.97,13.92,0,3.52
22/01/2024,98.96,23.59,19.25,14.16,0,3.02
23/01/2024,98.9,23.65,19.65,14.52,0,3.53
24/01/2024,98.85,23.71,19.26,14.18,0,4.05
25/01/2024,98.96,23.65,19.09,14.02,0,3.9
26/01/2024,99.15,23.08,19.08,13.98,0.01,4.29
27/01/2024,99.15,23.41,19.7,14.53,0.03,5.51
28/01/2024,99.1,23.22,19.36,14.24,0,5.34
29/01/2024,99.04,22.41,17.06,12.38,0,5.7
30/01/2024,98.94,22.44,17.07,12.49,0,4.18
31/01/2024,98.88,23.88,19.06,14.04,0,3.77
1/2/2024,98.87,25.3,20.77,15.6,0.01,2.86
2/2/2024,98.84,25.84,21.29,16.1,0.02,3.54
3/2/2024,98.92,25.53,20.15,15.01,0,4.01
4/2/2024,99.08,24.43,18.94,13.9,0,3.95
5/2/2024,99.11,24.31,18.8,13.78,0,4.06
6/2/2024,99.05,24.33,18.76,13.76,0,3.63
7/2/2024,99,24.3,17.89,13.05,0,3.68
8/2/2024,98.9,24.79,17.56,12.88,0,3.72
9/2/2024,98.97,24.87,19.33,14.28,0,3.75
10/2/2024,99.09,25.15,20.15,14.99,0,4.84
11/2/2024,99.16,24.62,19.24,14.13,0,5.17
12/2/2024,99.1,23.96,17.65,12.83,0,5.49
13/02/2024,99.04,24.67,19.85,14.68,0,4.95
14/02/2024,98.95,24.92,18.89,13.89,0,5.21
15/02/2024,98.97,24.08,18.05,13.17,0,5.06
16/02/2024,98.98,24.23,18.39,13.43,0,5.57
17/02/2024,98.85,24.37,17.36,12.72,0,5.39
18/02/2024,98.77,24.88,16.34,12.05,0,4.06
19/02/2024,98.8,25.79,18.02,13.25,0,3.74
20/02/2024,98.76,26.38,17.77,13.09,0,3.53
21/02/2024,98.63,26.64,17.91,13.29,0,4.29
22/02/2024,98.61,27.82,19.95,14.93,0,5.12
23/02/2024,98.56,28.66,21.43,16.37,0,4.95
24/02/2024,98.61,27.95,21.57,16.46,0,4.82
25/02/2024,98.63,27.04,19.88,14.89,0,4.43
26/02/2024,98.72,26.75,19.55,14.52,0,5.64
27/02/2024,98.78,26.62,19.18,14.19,0,5.5
28/02/2024,98.7,25.81,16.67,12.29,0,4.77
29/02/2024,98.74,26.01,16.05,11.79,0,4.27
1/3/2024,98.83,26.66,16.91,12.46,0,4.12
2/3/2024,98.73,27.31,15.59,11.52,0,3.75
3/3/2024,98.67,27.11,16.37,12.17,0,3.78
4/3/2024,98.65,27.08,17.08,12.55,0,3.99
5/3/2024,98.66,27.47,16.86,12.39,0,4.05
6/3/2024,98.63,27.94,15.63,11.62,0,4.31
7/3/2024,98.58,27.8,15.73,11.64,0,4.67
8/3/2024,98.6,27.93,15.84,11.79,0,5.47
9/3/2024,98.62,28.69,17.58,13.15,0,4.61
10/3/2024,98.79,28.66,18.46,13.68,0,4.23
11/3/2024,98.9,28.99,18.65,13.85,0,4.07
12/3/2024,98.8,29.25,18.11,13.41,0,4.15
13/03/2024,98.67,29.71,16.81,12.44,0,5.15
14/03/2024,98.64,30.17,16.18,12.06,0,4.8
15/03/2024,98.58,29.72,16.63,12.37,0,4.95
16/03/2024,98.66,29.22,18.69,13.93,0,5.31
17/03/2024,98.67,29.11,17.68,13.18,0,5.17
18/03/2024,98.62,29,16.29,12.11,0,4.53
19/03/2024,98.58,29.03,16.6,12.35,0,4.81
20/03/2024,98.59,28.62,18.22,13.58,0,4.69
21/03/2024,98.62,29.25,19.96,14.93,0,4.97
22/03/2024,98.44,29.9,19.05,14.25,0,4.22
23/03/2024,98.44,29.61,17.7,13.17,0,4.22
24/03/2024,98.61,29.54,17.21,12.86,0,4.87
25/03/2024,98.65,29.24,16.62,12.35,0,4.56
26/03/2024,98.71,28.99,14.03,10.72,0,4.76
27/03/2024,98.83,28.94,13.04,9.97,0,4.63
28/03/2024,98.66,29.77,14.07,10.61,0,4.02
29/03/2024,98.55,30.26,17.42,12.88,0,4.97
30/03/2024,98.65,30.09,15.88,11.88,0,4.83
31/03/2024,98.69,29.83,16.22,12.28,0,4.12
1/4/2024,98.46,31.01,18.86,14.3,0,3.77
2/4/2024,98.33,31.16,17.01,12.95,0,4.43
3/4/2024,98.39,30.72,18.05,13.57,0,5.32
4/4/2024,98.42,30.97,16.64,12.69,0,5.16
5/4/2024,98.35,31.66,14.25,10.67,0,4.74
6/4/2024,98.23,32.54,14.96,11.12,0,4.89
7/4/2024,98.22,32.15,15.19,11.67,0,5.57
8/4/2024,98.36,31.02,18.5,13.92,0,5.97
9/4/2024,98.47,30.92,19.2,14.46,0,5.13
10/4/2024,98.47,30.87,20.06,15.07,0,4.57
11/4/2024,98.49,31.54,19.12,14.28,0,4.25
12/4/2024,98.48,31.51,19.69,14.81,0,4.94
13/04/2024,98.48,31.12,18.7,13.91,0,4.43
14/04/2024,98.52,31.05,18.28,13.58,0,4.5
15/04/2024,98.56,31.31,18.44,13.7,0,4.29
16/04/2024,98.44,31.68,18.11,13.62,0,4.76
17/04/2024,98.31,32.9,18.57,13.96,0,5.18
18/04/2024,98.14,33.85,19.69,14.98,0,4.99
19/04/2024,98.01,33.88,20.32,15.63,0,5.12
20/04/2024,98.06,33.52,19.76,15.25,0,4.92
21/04/2024,98.16,32.96,20.37,15.67,0,4.64
22/04/2024,98.23,32.88,18.8,14.5,0,4.64
23/04/2024,98.19,32.48,17.72,13.6,0,5.24
24/04/2024,98.13,32.83,17.88,13.42,0,5.03
25/04/2024,98.12,33.42,18.51,13.82,0,4.33
26/04/2024,98.14,33,17.63,13.13,0,5.05
27/04/2024,98.17,32.48,17.05,12.84,0,4.4
28/04/2024,98.19,32.96,16.84,12.77,0,4.31
29/04/2024,98.27,32.86,16.89,12.92,0,4.37
30/04/2024,98.15,32.81,16.98,12.92,0,4.94
1/5/2024,97.89,35.05,20.91,16.04,0,5.38
2/5/2024,97.91,35.72,21.12,16.25,0,5.45
3/5/2024,98,35.67,20.44,15.47,0,5.55
4/5/2024,98.05,34.83,21.25,16.25,2.9,5.27
5/5/2024,97.94,35.38,21.25,16.33,0.35,6.44
6/5/2024,98.03,35.02,21.76,16.79,1.64,5.47
7/5/2024,98.24,33.51,21.61,16.7,1.77,5.52
8/5/2024,98.26,31.09,23.11,18.26,12.84,3.25
9/5/2024,98.24,31.07,22.38,17.43,0.08,3.91
10/5/2024,98.29,31.43,21.84,16.92,0.08,4.14
11/5/2024,98.39,31.1,22.54,17.55,0.65,3.99
12/5/2024,98.38,30.95,22.6,17.57,1.62,3.94
13/05/2024,98.33,31.03,22.08,17.07,1.64,3.65
14/05/2024,98.33,30.51,22.06,17.04,0.56,3.18
15/05/2024,98.35,31.12,21.3,16.34,0.47,3.94
16/05/2024,98.39,28.21,22.31,17.26,4.91,2.23
17/05/2024,98.21,29.65,21.74,16.68,1.94,3.33
18/05/2024,98.09,29.7,22.57,17.59,3.16,3.62
19/05/2024,97.91,30.05,22.85,17.96,3.52,3.09
20/05/2024,97.94,29.18,23.05,18.17,4.14,2.98
21/05/2024,97.93,29.26,23.84,19.04,3.6,3.29
22/05/2024,97.79,30.75,22.76,17.9,0.56,3.83
23/05/2024,97.67,31.18,22.94,18.14,0.21,3.29
24/05/2024,97.57,31.97,21.95,17.12,0,3.4
25/05/2024,97.65,30.56,21.47,16.52,0.22,6.87
26/05/2024,97.6,33.03,20.67,15.69,0,6.84
27/05/2024,97.62,33.86,20.93,15.93,0,7.54
28/05/2024,97.73,33.4,20.11,15.21,0,6.22
29/05/2024,97.7,34.65,19.08,14.25,0,6.59
30/05/2024,97.73,34.44,21.19,16.23,2.29,4.42
31/05/2024,97.77,34.37,22.03,17.13,0.25,4.79
1/6/2024,97.89,33.14,23.4,18.54,6.5,3.57
2/6/2024,98.18,28.33,23.5,18.67,13.76,3.32
3/6/2024,98.15,29.37,22.06,17.1,1.12,3.78
4/6/2024,98.19,30.06,23.33,18.42,5.53,2.14
5/6/2024,98.24,28.76,24.81,20.08,19,2.35
6/6/2024,98.31,27.89,23.96,19.08,10.46,2.06
7/6/2024,98.21,27.81,23.15,18.17,18.44,4.31
8/6/2024,98.1,29.53,22.52,17.54,3.25,6.13
9/6/2024,98.04,29.02,22.01,17.01,0.74,6.66
10/6/2024,98.06,29.27,21,15.96,1.43,8.15
11/6/2024,98.14,28.02,19.81,14.85,3.5,7.48
12/6/2024,98.24,28.15,20.75,15.72,4.19,7.54
13/06/2024,98.19,29.19,19.84,14.86,1.84,7.17
14/06/2024,98.12,28.15,18.56,13.7,0,7.69
15/06/2024,98.04,29.45,19.97,15.07,0,5.52
16/06/2024,98.04,30.13,21.78,16.88,7.53,4.2
17/06/2024,98.09,29.29,20.89,15.94,9.63,4.74
18/06/2024,98.09,28.16,22.68,17.7,34.82,5.77
19/06/2024,97.98,27.66,22.2,17.21,10.14,5.01
20/06/2024,97.95,28.64,21.78,16.77,2.49,7.14
21/06/2024,97.93,28.33,21.47,16.44,4.15,8.02
22/06/2024,97.76,29.07,21.08,16.12,2.17,7
23/06/2024,97.76,28.18,22.26,17.29,2.24,5.87
24/06/2024,97.72,28.65,22.21,17.24,0.26,6.88
25/06/2024,97.74,28.13,20.36,15.37,0.23,8.22
26/06/2024,97.82,27.67,19.2,14.35,0.24,8.33
27/06/2024,98.03,26.53,19.2,14.26,0,7.35
28/06/2024,98.03,27.98,18.5,13.73,0,6.85
29/06/2024,98.04,29.23,19.59,14.68,0.02,6.65
30/06/2024,98.18,28.85,21.37,16.35,2.23,5.51
1/7/2024,98.22,28.26,21.17,16.1,0.57,6.89
2/7/2024,98.02,30.08,19.39,14.48,0.09,7.61
3/7/2024,98.01,29.24,21.38,16.41,13.55,6.43
4/7/2024,98.09,29.77,22.48,17.55,0.89,4.58
5/7/2024,98.08,28.35,22,17.03,17.35,5.19
6/7/2024,98,27.24,22.02,17.01,1.3,6.06
7/7/2024,97.96,28.62,21.75,16.76,5.98,4.7
8/7/2024,97.85,28.63,21.9,16.94,2.07,5.48
9/7/2024,98.01,27.88,22.17,17.16,0.12,4.6
10/7/2024,98.23,27.9,22.62,17.59,7.15,4.83
11/7/2024,98.14,28.19,21.93,16.92,3.88,5.47
12/7/2024,98,27.96,22.07,17.07,33.61,5.81
13/07/2024,97.95,27.92,21.07,16.06,5.45,7.83
14/07/2024,97.79,27.76,21.37,16.36,2.85,8.88
15/07/2024,97.73,27.1,22.29,17.31,3.84,7.94
16/07/2024,97.74,27.77,22.79,17.83,0.96,8.43
17/07/2024,97.9,27.93,21.75,16.71,0.65,9.12
18/07/2024,97.89,27.69,21.8,16.77,3.72,8.99
19/07/2024,97.78,27.87,21.58,16.57,0.94,10.11
20/07/2024,97.84,28.35,21.65,16.62,0.3,8.97
21/07/2024,97.87,29.36,21.74,16.72,0.14,8.51
22/07/2024,98.06,29.36,21.1,16.04,0.03,8.69
23/07/2024,98.14,29.1,20.54,15.47,0.57,8.79
24/07/2024,98,28.52,20.86,15.8,0.02,7.81
25/07/2024,97.86,28.95,20.89,15.86,0.13,8.95
26/07/2024,97.87,29.22,20.82,15.78,0.97,9.06
27/07/2024,97.9,29.91,20.39,15.36,0,9.73
28/07/2024,97.74,29.58,20.51,15.51,0,8.86
29/07/2024,97.72,29.59,21.76,16.77,0.84,7.44
30/07/2024,98.01,28.67,21.96,16.93,1.18,6.45
31/07/2024,98.12,29.15,22.35,17.33,0.94,6.38
1/8/2024,98.05,29.83,21.99,17.05,0.17,6.01
2/8/2024,98.08,28.95,21.17,16.14,3.71,7.38
3/8/2024,98.2,28.9,21.72,16.67,3.77,5.71
4/8/2024,98.26,27.76,22.45,17.42,12.42,4.64
5/8/2024,98.24,28.55,22.07,17.07,17.15,3.49
6/8/2024,98.16,26.96,23.73,18.82,37.2,3.38
7/8/2024,98.16,26.95,23.56,18.63,7.18,2.62
8/8/2024,98.19,27.95,23.15,18.18,14.51,4.02
9/8/2024,98.23,28.15,23.49,18.56,11.87,3.86
10/8/2024,98.25,27.79,24.17,19.3,12.4,3.29
11/8/2024,98.07,28.21,24.3,19.52,42.06,2.49
12/8/2024,98.03,28.03,25,20.35,32.81,2.84
13/08/2024,98.04,28.19,24.91,20.23,2.5,2.77
14/08/2024,98.04,27.77,24.88,20.19,0.4,3.28
15/08/2024,97.96,27.68,24.33,19.55,0.75,3.69
16/08/2024,97.9,27.82,24.71,20.01,0.32,4.15
17/08/2024,97.96,27.36,25.1,20.48,1.33,3.09
18/08/2024,98.08,27.47,24.84,20.13,3.15,2.54
19/08/2024,98.02,27.49,24.77,20.06,1.08,3.75
20/08/2024,98.04,27.33,24.43,19.65,5.74,3.84
21/08/2024,98.13,27.07,23.86,18.97,1.34,7.62
22/08/2024,98.23,26.57,23.28,18.29,0.01,5.15
23/08/2024,98.28,27.49,23.17,18.17,0,4.92
24/08/2024,98.31,27.27,22.84,17.8,0.01,6.61
25/08/2024,98.26,27.45,22.84,17.82,0.01,6.36
26/08/2024,98.16,27.77,22.8,17.79,0,7.14
27/08/2024,98.29,27.2,22.69,17.65,2.31,5.18
28/08/2024,98.31,27.12,22.51,17.45,0.48,5.19
29/08/2024,98.13,26.89,22.83,17.84,2.83,5.78
30/08/2024,98.08,26.86,23.43,18.49,5.48,6.02
31/08/2024,98.08,26.01,21.49,16.42,3.34,7.98
1/9/2024,97.94,27.2,21.44,16.41,1.16,7.64
2/9/2024,98.01,27.27,22.36,17.41,7.36,5.74
3/9/2024,98.15,27.35,22.95,17.99,5.03,4.3
4/9/2024,98.18,27.51,23.26,18.29,1.01,6.07
5/9/2024,98.03,27.46,23.42,18.51,4.08,6.3
6/9/2024,98.1,27.08,23.28,18.32,3.36,5.97
7/9/2024,98.17,27.15,22.88,17.86,0.77,6.57
8/9/2024,98.17,27.67,22.41,17.35,0.2,7.26
9/9/2024,97.99,27.39,22.42,17.41,2.51,6.85
10/9/2024,97.96,27.69,22.7,17.71,0.04,7.38
11/9/2024,98.12,27.73,22.11,17.07,0.03,6.25
12/9/2024,98.24,27.96,22.08,17.03,0,5.49
13/09/2024,98.17,28.66,21.63,16.59,0,4.82
14/09/2024,98.12,28.56,21.29,16.23,0,5.45
15/09/2024,98.11,28.64,20.81,15.76,0,6.62
16/09/2024,98.14,28.54,20.56,15.52,0,7.13
17/09/2024,98.08,29.24,21.45,16.43,0.16,5.37
18/09/2024,98,28.68,21.84,16.86,4.91,4.27
19/09/2024,98.05,28.84,21.58,16.59,0.37,3.33
20/09/2024,98.07,28.2,22.18,17.17,0.81,4.52
21/09/2024,98.08,28.53,21.81,16.85,2.58,3.41
22/09/2024,98.01,28.58,22.05,17.06,8.28,5.78
23/09/2024,97.96,27.92,23.02,18.09,3.11,4.2
24/09/2024,97.87,27.72,23.92,19.1,16.59,3.86
25/09/2024,97.92,27.49,23.62,18.75,10.17,3.66
26/09/2024,98.01,27.84,22.91,17.98,1.89,3.12
27/09/2024,98.25,27.27,21.8,16.76,0.27,3.04
28/09/2024,98.39,26.91,23.24,18.23,3.4,2.77
29/09/2024,98.48,27.03,23.01,17.97,0.46,3.67
30/09/2024,98.45,27.54,22.85,17.81,0.03,3.63
1/10/2024,98.3,28.06,22.78,17.75,0,4.11
2/10/2024,98.28,28.71,23.49,18.54,11.37,4.44
3/10/2024,98.23,28.15,24.19,19.34,10.85,4.45
4/10/2024,98.29,27.23,23.61,18.66,7.98,3.11
5/10/2024,98.29,27.14,23.75,18.81,6.61,3.6
6/10/2024,98.37,26.37,22.85,17.8,2.85,2.81
7/10/2024,98.5,26.45,22.39,17.29,4.27,2.95
8/10/2024,98.55,26.61,23.22,18.16,5.27,3
9/10/2024,98.37,26.57,23.48,18.48,4.32,3.3
10/10/2024,98.26,26.41,23.37,18.38,5.29,2.78
11/10/2024,98.26,26.4,23.5,18.53,6,3.4
12/10/2024,98.36,25.88,24.02,19.09,5.62,3.22
13/10/2024,98.39,26.01,23.88,18.93,5.64,3.24
14/10/2024,98.35,25.49,23.76,18.82,26.99,5.34
15/10/2024,98.31,25.06,23.6,18.63,49.06,4.17
16/10/2024,98.13,25.08,23.7,18.8,24.47,3.68
17/10/2024,98.14,26.1,24.12,19.27,3.56,4.27
18/10/2024,98.31,26.44,23,17.98,10.51,3.14
19/10/2024,98.46,26.03,23.22,18.2,15.9,2.51
20/10/2024,98.52,26.07,23.94,18.98,3.49,2.42
21/10/2024,98.55,26.6,23.84,18.86,5.57,2.55
22/10/2024,98.54,26.63,23.89,18.92,1.97,2.22
23/10/2024,98.47,26.91,23.14,18.09,3.44,2.28
24/10/2024,98.43,26.71,22.83,17.76,2.07,2.06
25/10/2024,98.38,27.09,21.96,16.88,0.62,3.29
26/10/2024,98.33,26.4,20.9,15.82,0,4.55
27/10/2024,98.24,27.18,21.38,16.29,0.03,2.75
28/10/2024,98.22,27.68,22.06,17,0,0.9
29/10/2024,98.3,27.21,22.52,17.47,0.34,2.94
30/10/2024,98.39,26.38,23.57,18.59,7.87,3.44
31/10/2024,98.51,26.39,23.51,18.49,5.88,2.75
1/11/2024,98.61,25.96,23.46,18.42,2.64,2.87
2/11/2024,98.68,25.58,23.13,18.03,5.63,3.64
3/11/2024,98.68,25.14,22.64,17.51,4.19,3.53
4/11/2024,98.58,25.34,22.17,17.02,0.1,4.07
5/11/2024,98.63,24.79,21.57,16.4,0.68,4.59
6/11/2024,98.6,24.98,22.18,17.09,3.08,6.33
7/11/2024,98.59,25.73,23.59,18.57,7.92,6.17
8/11/2024,98.61,25.52,22.79,17.68,0.59,5.82
9/11/2024,98.63,24.94,21.99,16.83,0.12,5.89
10/11/2024,98.6,24.69,21.56,16.39,0.26,5.91
11/11/2024,98.5,24.66,21.21,16.06,0.99,6.34
12/11/2024,98.43,24.46,22.15,17.09,15.39,5.8
13/11/2024,98.4,25.14,23.78,18.82,12.72,5.66
14/11/2024,98.53,25.47,23.74,18.76,17.85,4.26
15/11/2024,98.58,25.24,23.64,18.63,10.64,4.56
16/11/2024,98.52,25.26,23.82,18.84,19.91,5.3
17/11/2024,98.56,24.96,22.52,17.39,1.73,5.9
18/11/2024,98.62,24.62,22.01,16.84,0.03,5.87
19/11/2024,98.7,24.14,21.46,16.27,0,6.21
20/11/2024,98.68,23.12,20.55,15.38,0,5.64
21/11/2024,98.64,23,20.05,14.93,0,5.47
22/11/2024,98.61,22.83,20.05,14.93,0,5.66
23/11/2024,98.69,23.59,21.12,15.98,0.07,5.41
24/11/2024,98.7,23.85,21.38,16.2,0.04,5.4
25/11/2024,98.62,23.22,20.82,15.66,0.63,6.45
26/11/2024,98.44,23.67,22.68,17.62,20.95,7.11
27/11/2024,98.39,23.47,21.25,16.14,0.81,8.7
28/11/2024,98.27,22.97,20.37,15.35,5.25,9.16
29/11/2024,98.15,24.85,23.27,18.32,8.55,9.3
30/11/2024,97.76,25.07,23.9,19.09,106.9,14.05
1/12/2024,97.63,25.27,24.42,19.72,36.97,12.36
2/12/2024,97.92,25.6,24.38,19.62,26.82,8.89
3/12/2024,98.38,25.43,23.7,18.74,1.92,5.8
4/12/2024,98.53,24.89,23.42,18.4,10.51,3.76
5/12/2024,98.58,25.32,23,17.92,1.78,2.93
6/12/2024,98.58,25.07,22.77,17.67,0.29,2.8
7/12/2024,98.58,24.83,22.44,17.31,0.02,3.03
8/12/2024,98.58,24.34,21.8,16.65,0,2.72
9/12/2024,98.53,24.8,22.14,17.02,0,2.8
10/12/2024,98.55,24.58,22.4,17.27,0.07,5.4
11/12/2024,98.55,24.21,22.63,17.51,8.23,6.65
12/12/2024,98.51,24.26,23.39,18.38,75.22,6.78
13/12/2024,98.63,23.72,21.67,16.49,1.8,6.15
14/12/2024,98.79,22.39,20.21,15.04,0.31,6.25
15/12/2024,98.85,21.33,18.99,13.93,0,6.33
16/12/2024,98.76,20.79,18.1,13.2,0,6.37
17/12/2024,98.57,20.88,18.17,13.28,0.52,7.01
18/12/2024,98.43,22.96,21.12,16.11,6.16,6.23
19/12/2024,98.37,24.54,22.83,17.77,3.1,5.42
20/12/2024,98.32,25.22,22.68,17.62,0.55,4.9
21/12/2024,98.38,25.41,23.2,18.18,0.09,4.75
22/12/2024,98.53,23.89,21.93,16.78,0.03,5.31
23/12/2024,98.54,23.07,20.92,15.78,0,5.59
24/12/2024,98.5,23.22,21.18,16.04,1.36,7.29
25/12/2024,98.61,23.79,21.61,16.49,4.09,5.8
26/12/2024,98.8,24.5,22.79,17.65,15.35,6.45
27/12/2024,99,23.83,21.91,16.69,16.16,6.67
28/12/2024,98.96,23.3,20.91,15.68,0.4,5.39
29/12/2024,98.94,23.22,21.07,15.85,1,6.34
30/12/2024,98.92,23.55,21.31,16.09,1.01,6.55
31/12/2024,98.95,23.04,20.87,15.65,0,6.16
1/1/2025,98.86,22.5,20.42,15.23,0,5.31
